query_id,best_hit,best_evalue,best_score,score_mean,score_std,score_gmean
sp|A2A2Y4|FRMD3_HUMAN,6D21_A,2.9e-52,353.42,168.80,52.75,161.57
sp|A2VEC9|SSPO_HUMAN,7KWO_V,1.8e-122,1156.73,349.32,368.99,219.70
sp|O00339|MATN2_HUMAN,4CN9_B,1.9e-30,231.45,108.50,27.77,105.38
sp|O00585|CCL21_HUMAN,2L4N_A,1.3e-21,130.77,70.70,8.12,70.33
sp|O14717|TRDMT_HUMAN,1G55_A,1.9e-46,294.33,186.63,47.50,179.76
sp|O14787|TNPO2_HUMAN,1QBK_B,7.2e-105,758.06,173.26,105.56,150.26
sp|O15258|RER1_HUMAN,5AWW_Y,11.0,33.12,NaN,NaN,NaN
sp|O15466|SIA8E_HUMAN,5CXY_A,5.4e-54,364.23,210.86,77.97,199.69
sp|O15540|FABP7_HUMAN,1MDC_A,4.4e-28,148.88,137.80,6.04,137.66
sp|O43242|PSMD3_HUMAN,6MSB_V,2.6e-110,788.04,195.29,206.65,141.13
sp|O43462|MBTP2_HUMAN,3B4R_B,0.018,50.42,NaN,NaN,NaN
sp|O43586|PPIP1_HUMAN,4BNE_B,1.5e-35,246.49,175.32,51.75,163.22
sp|O43674|NDUB5_HUMAN,6ZKQ_W,1.7e-57,362.28,276.06,65.34,268.12
sp|O43679|LDB2_HUMAN,6TYD_V,2e-43,292.6,172.53,89.88,144.65
sp|O43805|SSNA1_HUMAN,7KZN_A,17.0,39.27,NaN,NaN,NaN
sp|O60733|PLPL9_HUMAN,6AUN_B,2.7e-114,848.2,143.82,54.93,138.55
sp|O60938|KERA_HUMAN,5MX0_B,1.2e-27,186.0,85.32,17.64,83.74
sp|O75347|TBCA_HUMAN,4CQI_A,1.4e-28,170.11,162.40,7.70,162.22
sp|O75460|ERN1_HUMAN,6W39_A,5.6e-110,788.21,184.44,60.36,180.26
sp|O75628|REM1_HUMAN,2G3Y_A,3.5e-22,145.87,101.69,11.34,101.03
sp|O76027|ANXA9_HUMAN,1M9I_A,3.6e-37,266.29,227.18,11.85,226.89
sp|O95399|UTS2_HUMAN,3KMI_B,180.0,21.73,NaN,NaN,NaN
sp|O95907|MOT3_HUMAN,7CKO_A,1e-26,192.03,114.73,19.56,113.38
sp|O95988|TCL1B_HUMAN,1JNP_B,7.4e-35,209.68,196.71,11.96,196.34
sp|O96028|NSD2_HUMAN,7CRO_I,1.5e-138,1049.44,150.05,121.32,128.48
sp|P02748|CO9_HUMAN,7NYD_G,3.5e-74,519.42,284.27,152.20,240.83
sp|P02795|MT2_HUMAN,4MT2_A,1.4e-31,162.31,94.39,34.02,89.73
sp|P08686|CP21A_HUMAN,4Y8W_C,5.8e-71,442.97,279.18,31.81,277.48
sp|P09529|INHBB_HUMAN,5HLY_A,1.7e-52,357.87,137.94,51.71,131.39
sp|P0C5Z0|H2AB2_HUMAN,6M4G_G,1.3e-17,97.8,65.89,13.15,64.75
sp|P0DPK4|NT2NC_HUMAN,4XBM_B,2.8e-21,161.45,81.24,28.95,76.78
sp|P10109|ADX_HUMAN,7ARD_O,9.7e-18,127.62,80.50,19.28,78.44
sp|P11182|ODB2_HUMAN,6H55_A,3.5e-47,352.75,216.76,66.40,207.61
sp|P11474|ERR1_HUMAN,7KW7_F,1.8e-43,347.52,126.68,53.17,116.63
sp|P13378|HXD8_HUMAN,6T90_K,6.2e-06,79.54,57.89,8.72,57.31
sp|P14923|PLAK_HUMAN,3C2G_A,1.9e-88,698.79,140.10,87.46,127.45
sp|P15144|AMPN_HUMAN,4FYT_A,1.7e-131,970.21,575.51,234.57,519.78
sp|P17010|ZFX_HUMAN,6QNX_C,6.6e-41,351.85,89.23,44.95,81.49
sp|P17658|KCNA6_HUMAN,7EJ1_D,2.4e-72,518.3,126.65,71.92,113.68
sp|P17661|DESM_HUMAN,3TNU_A,2.6e-16,103.81,69.62,15.36,67.96
sp|P19256|LFA3_HUMAN,1CCZ_A,6.7e-05,46.87,NaN,NaN,NaN
sp|P26196|DDX6_HUMAN,5ANR_B,2.3e-60,372.45,200.80,60.23,190.35
sp|P29622|KAIN_HUMAN,1JMO_A,8.2e-50,361.44,283.59,28.99,282.03
sp|P31274|HXC9_HUMAN,6T90_K,1.1e-05,76.88,54.27,5.55,53.97
sp|P31644|GBRA5_HUMAN,6A96_A,1.2e-52,340.23,215.41,65.27,202.89
sp|P35462|DRD3_HUMAN,7CMV_R,7.9e-54,361.14,212.63,37.14,208.71
sp|P35498|SCN1A_HUMAN,6J8E_A,0.0,3139.47,335.50,591.17,183.68
sp|P39900|MMP12_HUMAN,1GXD_A,4.8e-71,514.2,154.43,96.73,135.91
sp|P40145|ADCY8_HUMAN,6R4P_A,2.4e-84,742.04,165.95,164.09,132.56
sp|P41182|BCL6_HUMAN,6XMX_E,7.9e-58,436.83,90.52,43.50,83.44
sp|P42574|CASP3_HUMAN,3J9K_L,3.9e-39,266.73,144.98,43.82,138.60
sp|P43235|CATK_HUMAN,5Z5O_A,2.6e-78,489.58,260.61,77.90,248.04
sp|P43686|PRS6B_HUMAN,6MSB_D,1.4e-59,382.1,126.49,48.79,118.99
sp|P46977|STT3A_HUMAN,6S7T_A,1.4e-96,706.7,243.30,195.50,188.84
sp|P48378|RFX2_HUMAN,1DP7_P,1.1e-08,66.96,66.96,0.00,66.96
sp|P48449|LSS_HUMAN,1W6K_A,1.8e-145,1053.87,155.75,199.01,119.32
sp|P51449|RORG_HUMAN,3E00_D,2.6e-44,299.59,120.28,49.95,110.86
sp|P51684|CCR6_HUMAN,6WWZ_R,5.7e-46,306.34,189.28,32.40,185.55
sp|P52756|RBM5_HUMAN,7DVQ_4,3.3e-13,137.75,83.54,12.71,82.67
sp|P53701|CCHL_HUMAN,1YO4_A,160.0,25.24,NaN,NaN,NaN
sp|P56159|GFRA1_HUMAN,4UX8_C,1.7e-120,879.12,482.08,201.71,441.42
sp|P56597|NDK5_HUMAN,7JTK_i,4.6e-40,284.0,105.95,31.73,102.95
sp|P57082|TBX4_HUMAN,5BQD_A,6.4e-64,432.89,286.61,39.61,284.44
sp|P59190|RAB15_HUMAN,7LHW_A,4.9e-16,162.25,124.20,13.61,123.44
sp|P60842|IF4A1_HUMAN,6QX9_5X,1.1e-50,389.76,225.45,67.75,213.29
sp|P63172|DYLT1_HUMAN,5VKY_A,2e-25,152.03,136.71,6.66,136.55
sp|P68402|PA1B2_HUMAN,1VYH_I,2.2e-25,148.04,89.35,14.79,88.30
sp|P79483|DRB3_HUMAN,6PY2_B,6.8e-27,165.64,105.72,31.10,99.95
sp|Q03252|LMNB2_HUMAN,7D9N_A,1.4e-10,88.68,71.80,9.10,71.24
sp|Q05195|MAD1_HUMAN,5I50_B,0.0024,41.83,NaN,NaN,NaN
sp|Q13099|IFT88_HUMAN,7DHG_C,4.5e-25,193.92,149.58,21.72,148.00
sp|Q13286|CLN3_HUMAN,6OB7_A,3.8e-25,196.75,196.75,0.00,196.75
sp|Q13614|MTMR2_HUMAN,1LW3_A,4.9e-172,1295.83,927.34,194.62,909.18
sp|Q13765|NACA_HUMAN,7QWR_t,5.4e-59,360.99,121.15,93.17,100.79
sp|Q14195|DPYL3_HUMAN,4B90_A,9.3e-115,804.73,177.83,89.64,165.71
sp|Q14789|GOGB1_HUMAN,6SO3_B,6.2e-14,178.71,142.78,29.64,139.54
sp|Q14802|FXYD3_HUMAN,2JP3_A,1.2e-22,124.02,100.25,16.96,98.70
sp|Q15029|U5S1_HUMAN,3JB9_B,3.1e-209,1657.23,294.63,317.71,190.48
sp|Q15406|NR6A1_HUMAN,7KW7_F,1.1e-33,282.89,105.51,44.76,97.86
sp|Q15485|FCN2_HUMAN,3GHG_H,2.9e-46,341.24,253.81,54.27,246.20
sp|Q15506|SP17_HUMAN,7MY4_B,8.6e-11,68.21,60.72,7.49,60.26
sp|Q15788|NCOA1_HUMAN,2PRG_C,1.2e-17,151.72,97.76,17.63,96.36
sp|Q15942|ZYX_HUMAN,7AM2_Ax,1.5e-12,113.63,74.44,17.39,72.56
sp|Q16280|CNGA2_HUMAN,7RHS_A,7.3e-102,750.71,133.98,125.72,103.51
sp|Q2WEN9|CEA16_HUMAN,3R4D_C,4.6e-22,153.9,97.36,15.06,96.22
sp|Q3SXZ7|TTLL9_HUMAN,4YLS_A,2.4e-43,318.32,222.90,89.30,195.02
sp|Q49AN0|CRY2_HUMAN,4K0R_A,1.8e-136,1003.0,557.99,100.00,550.11
sp|Q4ZHG4|FNDC1_HUMAN,1ZLG_A,9.4e-12,127.67,84.38,15.09,83.13
sp|Q5JTV8|TOIP1_HUMAN,4TVS_A,1.4e-34,254.74,234.06,14.62,233.62
sp|Q5SRE7|PHYD1_HUMAN,3OBZ_A,3.5e-38,225.69,112.71,27.60,109.73
sp|Q5T440|CAF17_HUMAN,6QE3_A,1.3e-38,260.58,152.69,31.76,150.15
sp|Q5T686|AVPI1_HUMAN,7PUA_F5,290.0,28.77,NaN,NaN,NaN
sp|Q5VWP2|TET5C_HUMAN,6JYJ_C,7e-142,1004.7,922.44,58.89,920.60
sp|Q6FHJ7|SFRP4_HUMAN,5XGP_A,5.1e-25,177.08,112.73,17.91,111.44
sp|Q6JQN1|ACD10_HUMAN,4HR3_A,5.7e-37,283.44,134.60,60.18,122.43
sp|Q6QHK4|FIGLA_HUMAN,4AYA_B,1.7e-08,69.82,60.08,7.98,59.55
sp|Q6UXG8|BTNL9_HUMAN,4B3N_A,2.8e-19,159.29,74.41,21.42,72.01
sp|Q6ZRY4|RBPS2_HUMAN,5YVG_X,0.00057,62.6,47.53,4.24,47.34
sp|Q70CQ1|UBP49_HUMAN,6TBM_Q,1.4e-56,410.31,230.18,78.96,212.57
sp|Q71SY5|MED25_HUMAN,7EMF_Y,3.2e-162,1261.19,581.86,490.49,381.17
sp|Q7L0X0|TRIL_HUMAN,5HDH_A,2.1e-26,214.15,152.60,25.15,150.52
sp|Q7L3V2|BOP_HUMAN,7Q5B_C,9.5,38.01,NaN,NaN,NaN
sp|Q7LFX5|CHSTF_HUMAN,1NST_A,7.1e-16,122.17,82.23,10.53,81.64
sp|Q7Z2W4|ZCCHV_HUMAN,3U9G_A,1.2e-33,256.71,126.03,34.24,122.29
sp|Q7Z7A1|CNTRL_HUMAN,6Z47_G,1.5e-10,143.86,97.30,20.22,95.39
sp|Q7Z7B0|FLIP1_HUMAN,6Z47_G,1.4e-05,95.11,NaN,NaN,NaN
sp|Q86T96|RN180_HUMAN,6RZZ_s,4.8e-13,123.45,94.54,25.62,90.86
sp|Q86U90|YRDC_HUMAN,4E1B_A,3.5e-26,193.78,164.43,24.20,162.43
sp|Q86WR0|CCD25_HUMAN,7AS8_0,6.7e-15,125.0,110.04,10.59,109.55
sp|Q86YR7|MF2L2_HUMAN,1KZ7_A,4.8e-22,173.76,118.26,31.68,113.52
sp|Q8IZF6|AGRG4_HUMAN,7D76_R,2e-47,419.18,145.26,68.54,131.10
sp|Q8N2H4|SYS1_HUMAN,4Z1P_A,66.0,26.62,NaN,NaN,NaN
sp|Q8N4C6|NIN_HUMAN,1IJ5_A,0.00011,74.46,NaN,NaN,NaN
sp|Q8N884|CGAS_HUMAN,7BUQ_A,7.3e-118,864.73,339.32,217.27,287.64
sp|Q8TAC2|JOS2_HUMAN,6PGV_A,1.6e-51,310.34,249.86,42.79,246.45
sp|Q8TAI7|REBL1_HUMAN,3OES_A,8.1e-24,132.01,99.05,10.79,98.43
sp|Q8TAP4|LMO3_HUMAN,1RUT_X,7.3e-16,92.48,58.97,12.70,57.74
sp|Q8WXI7|MUC16_HUMAN,1IVZ_A,7.3e-10,119.42,119.42,0.00,119.42
sp|Q8WY98|TM234_HUMAN,7SZT_C,0.02,35.84,NaN,NaN,NaN
sp|Q92547|TOPB1_HUMAN,6HM5_A,4.9e-37,280.7,121.97,42.02,116.83
sp|Q92731|ESR2_HUMAN,7KW7_F,1.4e-38,321.08,118.20,49.34,108.85
sp|Q93077|H2A1C_HUMAN,7N8N_D,7.1e-23,149.88,85.43,25.25,81.92
sp|Q96FE7|P3IP1_HUMAN,4DUR_A,2.6e-09,93.39,75.00,12.05,74.05
sp|Q96IZ7|RSRC1_HUMAN,7DVQ_8,260.0,32.56,NaN,NaN,NaN
sp|Q96LI6|HSFY1_HUMAN,7DCJ_A,9.9e-15,106.34,89.15,15.47,87.58
sp|Q96PE7|MCEE_HUMAN,6QH4_C,1.1e-16,97.75,69.61,9.61,68.98
sp|Q96PQ1|SIG12_HUMAN,3J8F_7,2.2e-20,151.85,95.52,20.50,93.47
sp|Q96RI8|TAAR6_HUMAN,5ZTY_A,1.1e-35,244.4,198.41,34.23,194.30
sp|Q99884|SC6A7_HUMAN,6VRK_A,1.7e-105,769.39,609.09,89.73,602.25
sp|Q99941|ATF6B_HUMAN,6IAK_F,1.3e-10,119.61,119.61,0.00,119.61
sp|Q9BRJ9|MESP1_HUMAN,4AYA_B,3.8e-07,64.9,64.90,0.00,64.90
sp|Q9BRK4|LZTS2_HUMAN,7DL2_D,2.9e-05,87.1,NaN,NaN,NaN
sp|Q9BVK8|TM147_HUMAN,6W6L_4,2.9e-65,415.45,415.45,0.00,415.45
sp|Q9BXV9|GON7_HUMAN,6GWJ_D,6.5e-36,208.2,208.20,0.00,208.20
sp|Q9BYR0|KRA47_HUMAN,2L6M_A,3500.0,18.09,NaN,NaN,NaN
sp|Q9BYV8|CEP41_HUMAN,6HIZ_DT,1e-09,89.92,65.00,10.25,64.22
sp|Q9GZX7|AICDA_HUMAN,6WMC_A,6e-44,296.79,271.20,16.99,270.65
sp|Q9H171|ZBP1_HUMAN,2LNB_A,2.6e-05,59.32,58.22,0.00,58.22
sp|Q9H3H1|MOD5_HUMAN,3EPJ_B,5e-76,537.03,151.39,140.27,105.45
sp|Q9HAW9|UD18_HUMAN,7BV3_B,3.3e-32,218.82,138.51,39.70,132.50
sp|Q9HB58|SP110_HUMAN,1OQJ_B,1.8e-14,109.57,79.75,15.40,78.39
sp|Q9HCY8|S10AE_HUMAN,2M0R_B,2.4e-07,47.54,47.54,0.00,47.54
sp|Q9HD47|MOG1_HUMAN,5YFG_A,1.1e-41,262.2,235.86,18.66,235.15
sp|Q9NP58|ABCB6_HUMAN,7D7N_B,2.8e-114,865.07,220.91,116.40,195.89
sp|Q9NPD5|SO1B3_HUMAN,7EEB_L,5.5e-48,378.15,101.87,36.02,99.06
sp|Q9NPF2|CHSTB_HUMAN,4NDZ_A,9.3e-12,106.68,103.46,1.87,103.44
sp|Q9NPJ6|MED4_HUMAN,7ENJ_D,1.7e-62,412.97,226.59,134.10,190.38
sp|Q9NQG6|MID51_HUMAN,4OAG_A,7e-40,270.34,179.89,61.92,168.13
sp|Q9NR83|S2A4R_HUMAN,7DTA_A,2.2e-08,54.53,54.53,0.00,54.53
sp|Q9NRF2|SH2B1_HUMAN,1V5M_A,4.2e-28,215.98,85.01,32.88,81.16
sp|Q9NZV1|CRIM1_HUMAN,1SKZ_A,3.7e-18,150.1,104.53,34.17,99.12
sp|Q9P266|JCAD_HUMAN,7OKY_O,290.0,31.74,NaN,NaN,NaN
sp|Q9UBN6|TR10D_HUMAN,7RFP_A,3.8e-09,99.56,73.92,11.24,73.12
sp|Q9UER7|DAXX_HUMAN,4H9N_C,6.6e-45,334.0,224.67,93.99,205.62
sp|Q9UHJ6|SHPK_HUMAN,5VM1_C,1.3e-30,230.42,198.74,21.20,197.32
sp|Q9UHP7|CLC2D_HUMAN,5T1D_C,4.5e-14,97.57,60.31,9.72,59.62
sp|Q9UIF8|BAZ2B_HUMAN,5AGQ_A,1.2e-18,155.6,81.23,20.77,79.00
sp|Q9UIL4|KIF25_HUMAN,5MM7_K,6.5e-42,296.33,220.27,30.95,217.98
sp|Q9UK23|NAGPA_HUMAN,6U11_A,8.2e-74,517.62,248.49,149.44,202.04
sp|Q9ULH7|MRTFB_HUMAN,2YJF_M,1.9e-16,135.06,109.20,14.64,108.28
sp|Q9ULV1|FZD4_HUMAN,5V56_A,2.6e-68,499.47,163.43,112.49,137.92
sp|Q9UMF0|ICAM5_HUMAN,3QS9_G,2.1e-24,193.58,126.88,24.59,124.68
sp|Q9UNW1|MINP1_HUMAN,2GFI_B,3.4e-42,302.44,202.05,41.76,198.07
sp|Q9UPZ9|CILK1_HUMAN,3N9X_A,2.3e-43,307.99,225.04,16.84,224.44
sp|Q9Y2V3|RX_HUMAN,6T90_K,7.4e-10,107.81,69.36,14.16,68.04
sp|Q9Y4R7|TTLL3_HUMAN,5VLQ_B,3.3e-91,688.84,294.49,197.43,251.59
sp|Q9Y6A2|CP46A_HUMAN,7N3M_AAA,2.8e-78,482.6,305.14,34.77,303.28
tr|A0A669KA35|A0A669KA35_HUMAN,7LCU_A,1.7e-45,366.91,165.39,53.69,158.11
sp|A6NNN8|S38A8_HUMAN,7KGV_B,2.3e-26,204.78,105.56,50.42,96.52
sp|O15375|MOT6_HUMAN,7CKO_A,1.1e-28,203.68,135.63,19.47,134.27
sp|O95007|OR6B1_HUMAN,7BVQ_B,2.1e-25,181.38,145.77,20.54,143.89
sp|Q14641|INSL4_HUMAN,5MRC_V,110.0,25.32,NaN,NaN,NaN
sp|Q2M1V0|ISX_HUMAN,6T90_K,5.4e-07,84.82,61.83,9.92,61.11
sp|Q30KP8|DB136_HUMAN,1E4R_A,0.0041,34.16,NaN,NaN,NaN
sp|Q6P4D5|PBIR3_HUMAN,5HIZ_A,22.0,29.69,NaN,NaN,NaN
sp|Q6ZMY3|SPOC1_HUMAN,4BXZ_X,1.3e-23,220.74,105.72,31.58,102.53
sp|Q8N5C7|DTWD1_HUMAN,5APG_C,0.00016,60.47,NaN,NaN,NaN
sp|Q8NBV4|PLPP7_HUMAN,6EBU_A,1.6e-08,71.21,67.11,1.98,67.09
sp|Q8NG68|TTL_HUMAN,5IYZ_F,1.3e-52,348.13,250.12,63.98,242.78
sp|Q8NHQ8|RASF8_HUMAN,2CS4_A,2.8e-13,94.03,92.00,2.03,91.98
sp|Q8TB03|CX038_HUMAN,7N9F_K,74.0,30.47,NaN,NaN,NaN
sp|Q8WZ94|OR5P3_HUMAN,7JOZ_R,8.7e-25,180.53,144.44,20.57,142.58
sp|Q96NL1|TMM74_HUMAN,4QUV_B,37.0,31.4,NaN,NaN,NaN
sp|Q96SL8|FIZ1_HUMAN,6QNX_C,1e-41,340.79,85.02,38.74,78.82
sp|Q99442|SEC62_HUMAN,7AFT_G,2.5e-61,445.35,310.09,138.62,268.96
sp|Q9BSH3|NICN1_HUMAN,2SNW_B,13.0,32.38,NaN,NaN,NaN
sp|Q9BZI1|IRX2_HUMAN,4EGC_A,0.0023,56.86,NaN,NaN,NaN
sp|Q9UN66|PCDB8_HUMAN,5SZP_A,8.4e-44,315.85,153.67,52.36,145.13
sp|Q9UN71|PCDGG_HUMAN,5SZP_A,7.7e-53,379.1,161.42,60.60,151.10
tr|A0A087X2G1|A0A087X2G1_HUMAN,6QX9_5X,1.4e-30,264.48,155.17,44.58,147.32
tr|A0A0C4DFW9|A0A0C4DFW9_HUMAN,6XRE_M,6e-76,552.55,220.80,174.33,150.05
tr|A0A0U1RQT7|A0A0U1RQT7_HUMAN,3SV0_A,1.3e-42,314.45,132.90,18.72,131.87
tr|A0A1W2PSD3|A0A1W2PSD3_HUMAN,6V35_C,3.3e-199,1577.16,211.69,295.56,138.85
tr|A0A3B3IRX2|A0A3B3IRX2_HUMAN,1U73_A,5.2e-31,175.91,156.49,27.52,152.46
sp|A0A5B6|TVB28_HUMAN,5WTS_A,4.2e-06,61.38,50.60,5.35,50.33
tr|A0A5K1VW54|A0A5K1VW54_HUMAN,5KB6_B,5.8e-33,215.97,111.25,28.45,107.91
tr|A0A7P0T8W1|A0A7P0T8W1_HUMAN,7ABV_A,2.6e-53,448.82,157.43,60.65,149.76
tr|A0A804HHZ2|A0A804HHZ2_HUMAN,6SRH_A,2.4e-35,212.03,148.73,14.68,148.08
sp|A2RRL7|TM213_HUMAN,7DDQ_X,39.0,24.57,NaN,NaN,NaN
sp|A6NCK2|TR43B_HUMAN,4CFG_B,2.2e-27,198.0,96.35,35.96,90.65
sp|A6NF34|ANTRL_HUMAN,3N2N_F,2.5e-16,112.87,84.67,11.54,83.88
sp|A6NKD2|TSPY2_HUMAN,5X7V_C,1.2e-31,209.33,189.63,11.25,189.30
sp|A8MPS7|YDJC_HUMAN,2I5I_A,1e-38,258.85,241.64,17.21,241.03
tr|B4DP72|B4DP72_HUMAN,4OBX_C,2.5e-17,118.83,67.15,7.98,66.75
tr|B9A025|B9A025_HUMAN,5ZE3_B,2.6e-79,543.08,131.97,159.09,87.88
tr|C9J7Z4|C9J7Z4_HUMAN,5X89_A,1.5e-15,138.88,121.95,13.50,121.15
tr|C9JQV6|C9JQV6_HUMAN,3O65_E,3.1e-27,186.67,129.95,40.31,123.52
sp|C9JSJ3|MEIOS_HUMAN,6UPL_H,0.03,58.57,NaN,NaN,NaN
tr|D6R9T3|D6R9T3_HUMAN,5KO9_A,3.1e-40,273.19,186.06,49.40,180.31
tr|E5RJD8|E5RJD8_HUMAN,4CQI_A,1.5e-20,132.18,128.27,3.50,128.22
tr|E7EQB3|E7EQB3_HUMAN,3P1Z_D,2.3e-20,145.55,102.92,23.65,100.43
tr|F5H211|F5H211_HUMAN,3O65_E,3.4e-47,307.87,196.65,96.02,168.73
tr|F5H442|F5H442_HUMAN,4YC1_B,4.7e-30,205.45,124.87,47.14,116.26
tr|H0YDX3|H0YDX3_HUMAN,1LW3_A,1.8e-113,828.76,649.83,99.86,642.53
tr|H0YM90|H0YM90_HUMAN,6JK8_B,1.7e-25,233.55,143.53,15.48,142.79
tr|H3BRB3|H3BRB3_HUMAN,5MIO_C,1.8e-51,384.6,293.07,39.59,290.26
tr|H7BXU9|H7BXU9_HUMAN,6V6Q_A,2.7e-60,404.18,224.42,27.79,222.94
tr|J3KN85|J3KN85_HUMAN,6YXH_A,7.5e-12,84.03,84.03,0.00,84.03
tr|J3QR65|J3QR65_HUMAN,1LW3_A,4.9e-73,607.95,428.97,228.71,313.94
tr|K7EMM8|K7EMM8_HUMAN,1VPD_A,1.3e-37,259.78,115.74,43.73,108.59
sp|P52740|ZN132_HUMAN,6QNX_C,1.9e-52,432.6,99.59,54.84,88.91
sp|P62502|LCN6_HUMAN,3KQ0_A,8.3e-12,84.66,66.92,7.52,66.50
sp|P98182|ZN200_HUMAN,6QNX_C,1.5e-23,206.12,81.25,33.71,74.75
tr|Q5T1J1|Q5T1J1_HUMAN,6DJZ_B,2.3e-37,235.85,235.85,0.00,235.85
sp|Q6NSJ2|PHLB3_HUMAN,7NH5_A,1.1e-07,82.41,79.57,4.01,79.47
sp|Q7Z4L0|COX8C_HUMAN,5Z62_M,1.3e-11,69.4,65.99,1.93,65.97
sp|Q7Z4Y8|AT5L2_HUMAN,6ZA9_S,1.6e-22,133.16,129.46,3.70,129.41
sp|Q8IV38|ANKY2_HUMAN,5VKQ_C,4.7e-09,106.97,77.39,12.38,76.38
sp|Q8IZP2|ST134_HUMAN,2IF4_A,2.1e-08,80.89,58.37,9.32,57.69
sp|Q8NG97|OR2Z1_HUMAN,7BVQ_B,1.8e-22,164.6,135.14,15.32,134.06
sp|Q8NH54|O56A3_HUMAN,7EXD_R,5.4e-21,154.75,129.10,14.22,128.14
sp|Q969W3|F104A_HUMAN,6XP5_Q,720.0,24.45,NaN,NaN,NaN
sp|Q96MC5|MERB1_HUMAN,5SZJ_B,6.3e-07,62.81,60.80,1.36,60.79
sp|Q9BWT6|MND1_HUMAN,4Y66_C,7.9e-40,240.6,202.98,37.62,199.46
sp|Q9H321|VCX3B_HUMAN,6T9K_B,1200.0,25.34,NaN,NaN,NaN
sp|Q9HCL3|ZFP14_HUMAN,6QNX_C,3.5e-51,411.36,96.02,51.95,86.15
tr|A0A024R3M2|A0A024R3M2_HUMAN,6GQF_A,4.3e-30,224.91,155.54,26.73,153.11
tr|A0A024RCV8|A0A024RCV8_HUMAN,1WB9_B,2.7e-59,469.13,423.96,49.23,420.51
tr|A0A087WWY4|A0A087WWY4_HUMAN,3A3C_A,100.0,24.87,NaN,NaN,NaN
tr|A0A087WZB5|A0A087WZB5_HUMAN,6ANU_f,2.2e-15,110.87,92.10,16.44,90.62
tr|A0A087X0Z9|A0A087X0Z9_HUMAN,6N13_B,9.7e-39,236.4,128.23,60.51,114.34
tr|A0A0A0MRG9|A0A0A0MRG9_HUMAN,6X0V_H,9.1e-231,2047.86,2047.86,0.00,2047.86
tr|A0A0A0MTN9|A0A0A0MTN9_HUMAN,1LQU_B,9.5e-65,438.51,255.74,161.70,198.51
tr|A0A0G2JL76|A0A0G2JL76_HUMAN,4XZC_A,140.0,33.8,NaN,NaN,NaN
tr|A0A0J9YYJ1|A0A0J9YYJ1_HUMAN,6H0A_A,1.6e-09,76.29,76.29,0.00,76.29
tr|A0A0U1RQI9|A0A0U1RQI9_HUMAN,7YXX_A,5.6e-284,2637.14,287.09,300.43,256.07
tr|A0A0U1RQZ9|A0A0U1RQZ9_HUMAN,6LTJ_I,6e-204,1741.75,219.95,205.92,178.64
sp|A0A1B0GTY4|TEX50_HUMAN,7E57_C,3.0,30.61,NaN,NaN,NaN
tr|A0A1B0GUY6|A0A1B0GUY6_HUMAN,6QVC_A,5e-69,544.23,241.43,135.94,213.29
tr|A0A1W2PRI7|A0A1W2PRI7_HUMAN,2MBG_A,6.7e-08,73.08,73.08,0.00,73.08
tr|A0A1W2PS91|A0A1W2PS91_HUMAN,6YOV_K,1.9e-11,120.32,69.93,18.79,67.95
tr|A0A2Q2TCK2|A0A2Q2TCK2_HUMAN,6OB0_B,1.2e-56,413.81,393.37,23.50,392.61
tr|A0A2R8Y5N2|A0A2R8Y5N2_HUMAN,7DL2_D,9.6e-192,1592.71,510.09,548.84,318.03
tr|A0A2R8Y5S3|A0A2R8Y5S3_HUMAN,7DL2_D,5.7e-194,1611.14,513.83,556.08,318.87
tr|A0A2R8Y761|A0A2R8Y761_HUMAN,3P5J_B,4.1e-43,299.94,284.26,21.36,283.43
tr|A0A2R8Y862|A0A2R8Y862_HUMAN,6MPB_A,2.3e-75,561.63,453.01,54.85,449.83
tr|A0A2R8YGC7|A0A2R8YGC7_HUMAN,5NUG_B,0.0,3098.11,806.74,850.32,386.84
tr|A0A3B3ISD8|A0A3B3ISD8_HUMAN,7DVQ_M,0.019,43.72,NaN,NaN,NaN
tr|A0A3B3ITX4|A0A3B3ITX4_HUMAN,6ZA9_S,4.1e-15,96.95,96.00,0.95,95.99
tr|A0A494C128|A0A494C128_HUMAN,7MQA_SA,2.7e-126,926.56,472.89,197.41,434.44
tr|A0A494C1A4|A0A494C1A4_HUMAN,6NZW_D,2.6e-25,248.29,170.85,30.14,168.16
tr|A0A494C1H9|A0A494C1H9_HUMAN,6J6U_A,8.4e-92,684.55,253.04,89.30,236.42
tr|A0A590UJ78|A0A590UJ78_HUMAN,6IUQ_B,3.5e-17,125.94,91.44,21.56,88.67
tr|A0A590UJS2|A0A590UJS2_HUMAN,6NE6_A,1.3e-51,339.41,113.18,71.72,94.21
tr|A0A5F9ZHY0|A0A5F9ZHY0_HUMAN,5SZP_A,1.3e-43,314.83,148.52,54.81,139.24
tr|A0A669KB38|A0A669KB38_HUMAN,7K5B_A,0.0,4823.6,1501.68,1901.04,469.70
tr|A0A6Q8PF07|A0A6Q8PF07_HUMAN,4PHC_A,2.7e-55,378.21,179.88,75.71,164.13
tr|A0A6Q8PFE3|A0A6Q8PFE3_HUMAN,7B96_B,3.9e-25,161.49,88.84,23.15,86.08
tr|A0A6Q8PGG1|A0A6Q8PGG1_HUMAN,5XJA_A,1.2e-51,373.87,175.28,53.23,169.15
tr|A0A7I2V343|A0A7I2V343_HUMAN,5JHE_A,5.8e-23,140.01,66.37,17.61,64.48
tr|A0A7I2V410|A0A7I2V410_HUMAN,7V2H_Q,2.3e-65,451.12,211.27,80.01,199.02
tr|A0A7I2V458|A0A7I2V458_HUMAN,5LC5_O,2.1e-39,277.67,85.71,48.98,78.75
tr|A0A7I2V4K4|A0A7I2V4K4_HUMAN,2K88_A,1.4e-17,94.63,79.02,8.21,78.61
tr|A0A7I2V4R4|A0A7I2V4R4_HUMAN,6APL_C,1e-23,180.92,137.88,26.41,135.50
tr|A0A7I2YQL5|A0A7I2YQL5_HUMAN,6QIG_A,5.4e-80,588.02,148.38,103.41,123.81
tr|A0A7P0T8Y4|A0A7P0T8Y4_HUMAN,5DXF_B,4.1e-12,119.71,88.78,12.17,87.94
tr|A0A7P0T9B9|A0A7P0T9B9_HUMAN,3VN4_A,8.7e-31,260.56,123.11,24.76,120.97
tr|A0A804HI70|A0A804HI70_HUMAN,2GMH_A,3.4e-30,209.64,209.64,0.00,209.64
tr|A0A804HLD4|A0A804HLD4_HUMAN,6UH5_M,7.4e-25,217.27,122.78,34.99,117.64
tr|A0A8Q3WK70|A0A8Q3WK70_HUMAN,7MQA_NA,7.2e-93,720.18,371.52,224.17,281.23
tr|A0A994J3Q5|A0A994J3Q5_HUMAN,7K95_B,1.7e-17,122.23,122.23,0.00,122.23
sp|A6NJJ6|CS067_HUMAN,1VZY_B,63.0,29.58,NaN,NaN,NaN
tr|A8MTF4|A8MTF4_HUMAN,3T6P_A,2.7e-10,82.72,63.38,17.33,60.74
tr|A8MYJ1|A8MYJ1_HUMAN,4D0N_B,3.4e-32,242.03,143.90,38.81,138.62
sp|B2RD01|CENP1_HUMAN,1IUF_A,1.1e-06,53.69,52.66,1.02,52.66
tr|B5MCA4|B5MCA4_HUMAN,7E5N_B,1.1e-60,415.26,338.62,44.36,335.96
tr|B7ZL48|B7ZL48_HUMAN,4GUA_A,6.2e-32,257.51,106.18,36.80,100.51
tr|C9IYT0|C9IYT0_HUMAN,7BGB_G,6.7e-101,730.5,292.20,221.75,223.53
tr|C9J1X0|C9J1X0_HUMAN,6VYC_B,4.6e-29,198.2,108.40,11.65,107.86
tr|C9JLU6|C9JLU6_HUMAN,6LKZ_D,6.2e-07,68.68,63.00,2.93,62.94
tr|C9JNY7|C9JNY7_HUMAN,5F4Z_E,330.0,22.35,NaN,NaN,NaN
tr|C9JVC9|C9JVC9_HUMAN,6JPA_F,4.6e-143,1152.35,91.65,136.11,77.09
tr|C9JYS1|C9JYS1_HUMAN,4WIQ_A,3.7e-07,64.96,62.32,2.64,62.26
tr|D6R9P3|D6R9P3_HUMAN,7PY2_C,1.8e-24,178.4,81.29,28.42,76.45
tr|D6RD79|D6RD79_HUMAN,4NE9_C,16.0,26.76,NaN,NaN,NaN
sp|D6RGX4|F90AP_HUMAN,7EGH_A,2.5,50.44,NaN,NaN,NaN
tr|E7EQN9|E7EQN9_HUMAN,6PCV_A,1.5e-90,776.34,776.34,0.00,776.34
tr|E7EUL7|E7EUL7_HUMAN,7PER_H,160.0,34.87,NaN,NaN,NaN
tr|E7EW95|E7EW95_HUMAN,6VHH_B,4.6e-166,1331.82,182.74,147.02,147.13
tr|E9PAT1|E9PAT1_HUMAN,1J2M_A,2.3e-10,85.3,83.86,1.44,83.85
tr|E9PDH4|E9PDH4_HUMAN,7K2V_A,8.7e-76,616.44,117.61,55.10,112.43
tr|E9PMB9|E9PMB9_HUMAN,1PJ3_A,1.3e-142,1063.06,795.95,289.09,734.94
tr|E9PN48|E9PN48_HUMAN,5NZS_P,2.4e-106,766.63,155.85,136.19,134.33
tr|E9PQA5|E9PQA5_HUMAN,4XM5_A,0.03,44.87,NaN,NaN,NaN
tr|E9PRV7|E9PRV7_HUMAN,3V5W_A,1.6e-79,587.42,142.07,41.61,139.27
tr|F2Z2Z6|F2Z2Z6_HUMAN,6IIV_A,1.3e-18,131.56,99.12,9.34,98.67
tr|F2Z309|F2Z309_HUMAN,5VFP_e,3.1e-20,118.22,103.48,18.04,101.52
tr|F5H1Z4|F5H1Z4_HUMAN,2A1S_C,4.8e-42,283.67,156.12,92.04,131.15
tr|F5H4M7|F5H4M7_HUMAN,7RRM_A,7.6e-18,113.1,97.33,8.42,96.99
tr|F8VRW9|F8VRW9_HUMAN,2QTS_B,160.0,19.5,NaN,NaN,NaN
tr|G3V203|G3V203_HUMAN,6ZJ3_Le,3e-55,333.03,225.16,82.46,203.71
tr|G3V3U8|G3V3U8_HUMAN,6DO4_A,8e-49,293.46,143.87,50.73,136.59
tr|H0Y3U1|H0Y3U1_HUMAN,4B1V_M,2.9e-07,52.2,52.20,0.00,52.20
tr|H0Y6I7|H0Y6I7_HUMAN,6FUL_A,1.4e-114,881.26,278.34,225.76,213.59
tr|H0Y7N1|H0Y7N1_HUMAN,2JAJ_B,6.1e-08,73.12,67.34,2.72,67.28
tr|H0Y7Y8|H0Y7Y8_HUMAN,2F5K_B,35.0,27.18,NaN,NaN,NaN
tr|H0Y9E9|H0Y9E9_HUMAN,4RLV_A,7.9e-108,827.65,286.15,123.20,268.22
tr|H0YD26|H0YD26_HUMAN,3FMP_D,6.8e-21,147.37,70.88,15.28,69.57
tr|H0YEQ5|H0YEQ5_HUMAN,7NHT_d,2.4e-25,168.13,168.13,0.00,168.13
tr|H0YHS3|H0YHS3_HUMAN,6N85_B,5e-35,256.24,246.93,6.24,246.85
tr|H0YHX3|H0YHX3_HUMAN,6YOV_K,2.1e-08,87.15,58.68,10.94,57.69
tr|H0YKZ9|H0YKZ9_HUMAN,6LQG_C,2.3e-32,215.99,215.99,0.00,215.99
tr|H0YLB9|H0YLB9_HUMAN,3BVX_A,5.9e-118,920.48,296.59,294.85,197.58
tr|H0YMJ5|H0YMJ5_HUMAN,6JK8_B,1.7e-40,293.48,176.34,57.73,165.78
tr|H3BM93|H3BM93_HUMAN,7WB4_O,7.1e-28,212.03,167.39,47.14,158.98
tr|H3BMT0|H3BMT0_HUMAN,4B90_A,220.0,23.51,NaN,NaN,NaN
tr|H3BNC9|H3BNC9_HUMAN,3J7A_W,1.1e-47,320.3,226.92,78.47,207.16
tr|H3BP95|H3BP95_HUMAN,7WB4_O,8.5e-17,140.23,140.23,0.00,140.23
tr|H3BUD4|H3BUD4_HUMAN,4GNK_D,9.1e-112,928.03,540.12,339.07,360.83
tr|H3BUH7|H3BUH7_HUMAN,4D2J_A,1.7e-46,305.84,278.91,45.63,273.70
tr|H7BXH2|H7BXH2_HUMAN,7NRC_A,0.06,62.94,NaN,NaN,NaN
tr|I3L4X0|I3L4X0_HUMAN,4OR9_A,3.8e-18,137.68,101.35,19.56,99.26
tr|I3L533|I3L533_HUMAN,6KZJ_C,3.8e-18,109.06,109.06,0.00,109.06
tr|J3KS65|J3KS65_HUMAN,1WA5_B,1.8e-14,104.53,85.12,17.77,82.76
tr|J3QKT4|J3QKT4_HUMAN,3TRI_A,3e-29,188.55,102.88,33.59,97.76
tr|J3QLT5|J3QLT5_HUMAN,6VX9_A,520.0,21.23,NaN,NaN,NaN
tr|J3QS89|J3QS89_HUMAN,4ZR1_B,1e-21,154.42,142.98,16.17,142.01
tr|K4DIA0|K4DIA0_HUMAN,6X4T_A,2.1e-15,107.46,61.33,5.46,61.13
tr|K7EM85|K7EM85_HUMAN,1XA6_A,2.6e-29,241.13,141.18,24.10,139.51
tr|K7EMR4|K7EMR4_HUMAN,6GCI_A,6.6e-27,180.9,169.55,10.78,169.21
tr|K7EMR5|K7EMR5_HUMAN,6B9H_A,4.1e-15,104.64,89.33,13.28,88.34
tr|K7EN18|K7EN18_HUMAN,6R5K_O,3.7e-20,175.25,119.21,9.83,118.82
tr|K7ENV1|K7ENV1_HUMAN,3R7G_A,9.6e-27,172.12,170.00,2.12,169.99
tr|M0R1M6|M0R1M6_HUMAN,7MDZ_m,4.2e-15,82.12,48.38,10.18,47.43
sp|O15172|PSPHL_HUMAN,7SHG_B,0.63,35.07,NaN,NaN,NaN
tr|Q4TT37|Q4TT37_HUMAN,7OF0_X,1.6e-61,401.99,229.11,102.97,207.59
sp|Q4V348|Z658B_HUMAN,6QNX_C,2e-51,431.39,101.68,54.67,91.42
sp|Q502W7|CCD38_HUMAN,7MOQ_Z,32.0,34.18,NaN,NaN,NaN
tr|Q5T1B5|Q5T1B5_HUMAN,6XY7_AAA,2.9e-07,82.08,78.84,5.34,78.65
tr|Q5T8A5|Q5T8A5_HUMAN,1A3Y_A,2.1e-08,67.02,59.90,3.97,59.77
tr|Q5TBH1|Q5TBH1_HUMAN,5NCL_A,3.1e-27,190.82,155.22,9.93,154.91
sp|Q5TG53|SEAS1_HUMAN,4G0R_A,29.0,34.65,NaN,NaN,NaN
sp|Q5U4N7|GDAS1_HUMAN,6TDV_G,410.0,23.54,NaN,NaN,NaN
sp|Q6ZN92|DUTL_HUMAN,2BT1_A,0.0012,49.56,NaN,NaN,NaN
sp|Q6ZRT6|PR23B_HUMAN,2NC8_A,360.0,22.11,NaN,NaN,NaN
tr|Q6ZWG5|Q6ZWG5_HUMAN,6JIF_B,53.0,27.19,NaN,NaN,NaN
sp|Q8IWD5|MFS6L_HUMAN,6E9C_A,1.7e-07,80.81,74.23,4.05,74.12
sp|Q8N9Z2|CC71L_HUMAN,6PX3_S,17.0,37.95,NaN,NaN,NaN
sp|Q8WWR9|PDPFL_HUMAN,1M1C_B,22.0,30.72,NaN,NaN,NaN
sp|Q9P1F3|ABRAL_HUMAN,2L2O_A,2.2e-26,148.63,140.46,8.17,140.22
sp|Q9P1G2|RBAS1_HUMAN,5W2B_A,170.0,22.42,NaN,NaN,NaN
sp|Q9UIY3|RWD2A_HUMAN,2DAW_A,1.7e-13,99.48,75.63,18.72,73.42
tr|S4R3H4|S4R3H4_HUMAN,6WMZ_A,0.0048,63.03,61.13,1.22,61.12
tr|U3KQ91|U3KQ91_HUMAN,6R4P_A,1.1e-56,493.08,134.79,118.39,109.03
tr|U3KQ96|U3KQ96_HUMAN,6T90_K,1.4e-15,141.77,111.34,20.83,108.77
tr|U3KQD7|U3KQD7_HUMAN,4MT2_A,2.9e-14,83.43,78.69,4.75,78.54
tr|V9GYL9|V9GYL9_HUMAN,6ZM6_AX,4.4e-70,447.45,259.04,94.96,242.39
tr|A0A075B6V7|A0A075B6V7_HUMAN,6ZKQ_c,3.6,23.81,NaN,NaN,NaN
tr|A0A075B791|A0A075B791_HUMAN,6FEC_w,10.0,33.53,NaN,NaN,NaN
tr|A0A087WUC8|A0A087WUC8_HUMAN,2PRV_B,0.58,31.53,NaN,NaN,NaN
tr|A0A087WUE6|A0A087WUE6_HUMAN,6ID1_W,150.0,33.35,NaN,NaN,NaN
tr|A0A087WUF5|A0A087WUF5_HUMAN,6X0V_H,1.2e-07,108.71,108.71,0.00,108.71
tr|A0A087WUU3|A0A087WUU3_HUMAN,5YZ1_B,0.0046,40.6,NaN,NaN,NaN
tr|A0A087WV17|A0A087WV17_HUMAN,5EIQ_A,4.4e-16,96.95,70.15,7.66,69.73
tr|A0A087WVH1|A0A087WVH1_HUMAN,7DCO_s,3.3,29.29,NaN,NaN,NaN
tr|A0A087WVH9|A0A087WVH9_HUMAN,6QNX_C,4.2e-49,410.13,98.22,51.10,88.85
tr|A0A087WW97|A0A087WW97_HUMAN,3SV0_A,6.8e-07,68.51,68.51,0.00,68.51
tr|A0A087WWQ3|A0A087WWQ3_HUMAN,1RJ8_G,52.0,18.19,NaN,NaN,NaN
tr|A0A087WXC4|A0A087WXC4_HUMAN,3GHG_H,7.6e-39,333.94,132.21,70.92,116.95
tr|A0A087WYU6|A0A087WYU6_HUMAN,4JOD_A,7.9e-18,123.98,89.34,12.39,88.57
tr|A0A087WZE3|A0A087WZE3_HUMAN,3VH8_G,3.3e-20,135.29,66.10,13.43,65.04
tr|A0A096LNW4|A0A096LNW4_HUMAN,5YUD_A,9.6e-05,77.86,67.02,2.55,66.97
sp|A0A096LPI5|GVQW2_HUMAN,7DSK_A,3.2e-06,66.41,66.41,0.00,66.41
tr|A0A0A0MQU9|A0A0A0MQU9_HUMAN,4N78_F,4e-27,182.24,158.54,23.70,156.75
tr|A0A0A0MRD5|A0A0A0MRD5_HUMAN,1UJS_A,8.4e-13,74.7,74.70,0.00,74.70
tr|A0A0A0MRE7|A0A0A0MRE7_HUMAN,4O5P_A,370.0,25.67,NaN,NaN,NaN
tr|A0A0A0MST6|A0A0A0MST6_HUMAN,7LSF_E,61.0,21.84,NaN,NaN,NaN
tr|A0A0B4J225|A0A0B4J225_HUMAN,3QFA_A,5.3e-20,134.04,67.54,14.75,66.29
tr|A0A0C4DH06|A0A0C4DH06_HUMAN,5J11_C,6.7e-12,87.74,84.64,3.10,84.58
tr|A0A0D9SFP3|A0A0D9SFP3_HUMAN,2XKX_B,5.5e-20,179.84,86.21,27.41,82.94
tr|A0A0D9SGG5|A0A0D9SGG5_HUMAN,3ZGX_Z,280.0,19.94,NaN,NaN,NaN
tr|A0A0G2JIJ7|A0A0G2JIJ7_HUMAN,4BXZ_X,0.00014,68.97,65.30,0.00,65.30
tr|A0A0G2JMS0|A0A0G2JMS0_HUMAN,3VH8_G,2.6e-28,181.38,76.44,21.44,74.35
tr|A0A0G2JPS9|A0A0G2JPS9_HUMAN,3WYR_B,7.6e-19,117.33,64.79,15.58,63.28
tr|A0A0G2JPW2|A0A0G2JPW2_HUMAN,6AED_A,5.5e-24,158.35,75.11,21.69,72.60
tr|A0A0G2JQZ3|A0A0G2JQZ3_HUMAN,7DSX_A,8.8,28.49,NaN,NaN,NaN
tr|A0A0G2JR18|A0A0G2JR18_HUMAN,7D3F_D,0.018,50.35,NaN,NaN,NaN
tr|A0A0G2JRP8|A0A0G2JRP8_HUMAN,6K06_A,0.00026,51.29,NaN,NaN,NaN
tr|A0A0J9YVV8|A0A0J9YVV8_HUMAN,5YSR_C,99.0,27.0,NaN,NaN,NaN
tr|A0A0S2Z429|A0A0S2Z429_HUMAN,7JKC_D,230.0,21.66,NaN,NaN,NaN
tr|A0A0U1RQJ0|A0A0U1RQJ0_HUMAN,6IGM_H,0.00011,67.85,55.93,5.01,55.70
tr|A0A0U1RR38|A0A0U1RR38_HUMAN,1YDU_A,120.0,19.67,NaN,NaN,NaN
tr|A0A140TA13|A0A140TA13_HUMAN,6AT5_A,3e-37,227.5,147.77,56.48,134.46
tr|A0A1B0GTJ3|A0A1B0GTJ3_HUMAN,6QVC_A,1.7e-23,175.86,101.88,39.89,94.85
tr|A0A1B0GU52|A0A1B0GU52_HUMAN,3BES_R,6.7e-25,177.44,85.96,21.82,83.61
tr|A0A1B0GV46|A0A1B0GV46_HUMAN,4UM8_B,1.2,51.33,NaN,NaN,NaN
tr|A0A1B0GVB7|A0A1B0GVB7_HUMAN,7T3I_B,16.0,32.04,NaN,NaN,NaN
tr|A0A1W2PNN5|A0A1W2PNN5_HUMAN,6V35_C,1.9e-22,172.32,80.77,22.50,78.26
tr|A0A1W2PNY0|A0A1W2PNY0_HUMAN,4YXD_D,4e-16,105.62,105.62,0.00,105.62
tr|A0A1W2PNZ6|A0A1W2PNZ6_HUMAN,6HIZ_DE,150.0,27.09,NaN,NaN,NaN
tr|A0A1W2PP09|A0A1W2PP09_HUMAN,6VQ8_f,11.0,23.66,NaN,NaN,NaN
tr|A0A1W2PPL2|A0A1W2PPL2_HUMAN,6X2I_1,500.0,20.47,NaN,NaN,NaN
tr|A0A1W2PPV0|A0A1W2PPV0_HUMAN,5DWB_A,640.0,22.05,NaN,NaN,NaN
tr|A0A1W2PPY2|A0A1W2PPY2_HUMAN,3WJA_B,2.5e-19,133.88,123.06,20.94,120.61
tr|A0A1X7SBT3|A0A1X7SBT3_HUMAN,3OP8_A,150.0,18.55,NaN,NaN,NaN
tr|A0A2Q2T6B6|A0A2Q2T6B6_HUMAN,7NH5_A,2.7e-08,81.42,59.35,11.13,58.37
tr|A0A2R8Y4N9|A0A2R8Y4N9_HUMAN,2Z80_A,2.1e-24,152.14,75.86,13.48,74.79
tr|A0A2R8Y4P2|A0A2R8Y4P2_HUMAN,6ZNL_Z,9.9e-07,80.73,63.20,12.87,61.84
tr|A0A2R8Y655|A0A2R8Y655_HUMAN,2K21_A,85.0,22.39,NaN,NaN,NaN
tr|A0A2R8Y783|A0A2R8Y783_HUMAN,7O4J_1,560.0,26.88,NaN,NaN,NaN
tr|A0A2R8Y7B0|A0A2R8Y7B0_HUMAN,6F8D_C,3.7,35.71,NaN,NaN,NaN
tr|A0A2R8Y7I4|A0A2R8Y7I4_HUMAN,3EDY_A,1.7e-12,102.86,83.97,18.89,81.82
tr|A0A2R8YGJ0|A0A2R8YGJ0_HUMAN,5XMJ_E,48.0,22.89,NaN,NaN,NaN
tr|A0A2U3TZP8|A0A2U3TZP8_HUMAN,6A4V_B,34.0,28.29,NaN,NaN,NaN
tr|A0A3B3IRW8|A0A3B3IRW8_HUMAN,2H8H_A,1.2e-05,71.03,56.05,0.00,56.05
tr|A0A3B3IS08|A0A3B3IS08_HUMAN,7AOI_A3,47.0,20.66,NaN,NaN,NaN
tr|A0A3B3ISI3|A0A3B3ISI3_HUMAN,4TU3_X,9.8e-89,694.32,472.41,223.83,407.26
tr|A0A3B3ITD5|A0A3B3ITD5_HUMAN,6Z1P_BQ,29.0,38.91,NaN,NaN,NaN
tr|A0A3B3ITT7|A0A3B3ITT7_HUMAN,5SVH_B,5.8e-17,141.69,108.10,25.98,105.00
tr|A0A3B3ITY0|A0A3B3ITY0_HUMAN,7BV5_D,19.0,23.56,NaN,NaN,NaN
tr|A0A3B3IUC2|A0A3B3IUC2_HUMAN,6ZBJ_C,1400.0,24.14,NaN,NaN,NaN
tr|A0A494BZR9|A0A494BZR9_HUMAN,2Q6O_B,180.0,25.15,NaN,NaN,NaN
tr|A0A494BZS3|A0A494BZS3_HUMAN,7JKC_D,290.0,21.63,NaN,NaN,NaN
tr|A0A494BZW5|A0A494BZW5_HUMAN,6WCQ_C,1.2e-12,114.38,82.10,10.05,81.48
tr|A0A494C093|A0A494C093_HUMAN,7D8A_A,3.7e-08,57.15,53.69,3.72,53.55
tr|A0A494C0L2|A0A494C0L2_HUMAN,4EBA_C,4.3e-08,83.53,73.81,9.12,73.22
tr|A0A494C0S1|A0A494C0S1_HUMAN,4KLZ_A,2.6e-28,145.98,104.61,12.74,103.80
tr|A0A494C120|A0A494C120_HUMAN,1ZU1_A,6e-06,55.96,55.96,0.00,55.96
tr|A0A494C1H1|A0A494C1H1_HUMAN,7ENN_K,0.23,36.93,NaN,NaN,NaN
tr|A0A494C1I2|A0A494C1I2_HUMAN,6NT9_B,5.7e-50,367.9,164.44,24.65,163.20
tr|A0A494C1J6|A0A494C1J6_HUMAN,1GXD_A,9.3e-12,109.48,77.27,14.16,76.06
tr|A0A590UJC2|A0A590UJC2_HUMAN,2LQ4_p,30.0,27.49,NaN,NaN,NaN
tr|A0A590UJP2|A0A590UJP2_HUMAN,6J8E_A,3.2e-99,815.16,163.35,137.59,136.56
tr|A0A5F9ZH86|A0A5F9ZH86_HUMAN,4D1E_A,1.5e-10,106.92,81.98,15.70,80.47
tr|A0A5F9ZHC8|A0A5F9ZHC8_HUMAN,7OKY_O,1100.0,21.16,NaN,NaN,NaN
tr|A0A5F9ZHE7|A0A5F9ZHE7_HUMAN,6VBU_9,1.5e-178,1409.79,699.77,544.40,474.14
tr|A0A669KB90|A0A669KB90_HUMAN,7NRC_A,22.0,43.85,NaN,NaN,NaN
tr|A0A669KBC0|A0A669KBC0_HUMAN,3SV0_A,6.3e-45,325.14,111.66,18.63,110.56
tr|A0A6Q8PFE0|A0A6Q8PFE0_HUMAN,7F4F_B,1.9e-43,262.6,148.21,16.62,147.45
tr|A0A6Q8PFT9|A0A6Q8PFT9_HUMAN,6HLU_A,1.4e-09,110.1,79.29,10.86,78.56
tr|A0A6Q8PG89|A0A6Q8PG89_HUMAN,3BHW_B,89.0,21.08,NaN,NaN,NaN
tr|A0A6Q8PGF9|A0A6Q8PGF9_HUMAN,4M0P_A,6.9e-06,50.85,50.85,0.00,50.85
tr|A0A6Q8PH43|A0A6Q8PH43_HUMAN,3ZZZ_A,3.2e-12,90.93,65.37,9.11,64.77
tr|A0A6Q8PH83|A0A6Q8PH83_HUMAN,6VFF_B,97.0,24.34,NaN,NaN,NaN
tr|A0A6Q8PHE6|A0A6Q8PHE6_HUMAN,7RYQ_B,2.9e-17,128.07,128.07,0.00,128.07
tr|A0A6Q8PHJ1|A0A6Q8PHJ1_HUMAN,7MQY_A,150.0,21.11,NaN,NaN,NaN
tr|A0A7I2V468|A0A7I2V468_HUMAN,6XP5_a,76.0,19.29,NaN,NaN,NaN
tr|A0A7I2V4Y3|A0A7I2V4Y3_HUMAN,4KS9_B,61.0,25.79,NaN,NaN,NaN
tr|A0A7I2V571|A0A7I2V571_HUMAN,7RRO_R,19.0,35.54,NaN,NaN,NaN
tr|A0A7I2V5D8|A0A7I2V5D8_HUMAN,6WQK_B,1.7e-30,239.12,85.86,33.69,79.96
tr|A0A7I2V5E5|A0A7I2V5E5_HUMAN,6NU2_g,600.0,16.53,NaN,NaN,NaN
tr|A0A7I2V5S4|A0A7I2V5S4_HUMAN,2VP4_D,2.6e-08,59.37,54.12,4.43,53.94
tr|A0A7I2V5U6|A0A7I2V5U6_HUMAN,7AS4_L,60.0,38.34,NaN,NaN,NaN
tr|A0A7P0S768|A0A7P0S768_HUMAN,5JHE_A,0.00015,45.48,NaN,NaN,NaN
tr|A0A7P0SNB0|A0A7P0SNB0_HUMAN,7DZ7_8,88.0,26.18,NaN,NaN,NaN
tr|A0A7P0T9E7|A0A7P0T9E7_HUMAN,1NM8_A,6.2e-110,806.26,687.01,50.07,685.27
tr|A0A7P0TAJ7|A0A7P0TAJ7_HUMAN,4OO0_A,210.0,21.05,NaN,NaN,NaN
tr|A0A7P0TAK1|A0A7P0TAK1_HUMAN,6QX9_5J,0.00046,62.47,59.95,0.00,59.95
tr|A0A7P0TAR0|A0A7P0TAR0_HUMAN,7MQ9_NN,9.6e-101,753.55,490.80,186.81,459.34
tr|A0A7P0TB54|A0A7P0TB54_HUMAN,3LQC_A,8.8e-42,277.85,225.25,81.11,203.32
tr|A0A7P0TB83|A0A7P0TB83_HUMAN,5AYL_A,4.8e-36,249.16,76.57,20.50,74.51
tr|A0A804HHV5|A0A804HHV5_HUMAN,6VBU_2,2.6e-52,378.63,226.76,119.11,189.06
tr|A0A804HI88|A0A804HI88_HUMAN,3J4R_A,3.7e-85,570.95,159.93,141.58,126.72
tr|A0A804HIJ1|A0A804HIJ1_HUMAN,5H7Q_A,0.012,49.75,NaN,NaN,NaN
tr|A0A804HIU0|A0A804HIU0_HUMAN,5V46_A,7.1e-37,262.91,262.02,0.89,262.02
tr|A0A804HJ59|A0A804HJ59_HUMAN,6QNX_C,1.2e-26,226.32,88.51,37.99,81.30
tr|A0A804HKZ5|A0A804HKZ5_HUMAN,4D1E_A,6.6e-27,213.05,96.32,32.26,91.44
tr|A0A804HL83|A0A804HL83_HUMAN,2BW3_A,1.3e-10,98.23,98.23,0.00,98.23
tr|A0A8I5FW65|A0A8I5FW65_HUMAN,7DL2_D,13.0,39.76,NaN,NaN,NaN
tr|A0A8I5KR11|A0A8I5KR11_HUMAN,1R30_B,6.5,27.9,NaN,NaN,NaN
tr|A0A8I5KVN1|A0A8I5KVN1_HUMAN,6UI7_B,100.0,18.94,NaN,NaN,NaN
tr|A0A8I5KWM3|A0A8I5KWM3_HUMAN,7D3F_D,18.0,37.66,NaN,NaN,NaN
tr|A0A8I5KYB6|A0A8I5KYB6_HUMAN,6QK7_A,5.1e-21,212.22,123.96,13.46,123.32
tr|A0A8I5KYV7|A0A8I5KYV7_HUMAN,3N3K_A,4.6e-23,177.58,147.20,16.10,146.25
tr|A0A8I5QJ99|A0A8I5QJ99_HUMAN,7K7M_B,40.0,28.22,NaN,NaN,NaN
tr|A0A8I5QJA5|A0A8I5QJA5_HUMAN,4NEH_A,2.4e-07,78.0,71.96,2.41,71.92
tr|A0A8I5QKY2|A0A8I5QKY2_HUMAN,7MEX_A,54.0,23.19,NaN,NaN,NaN
tr|A0A8Q3SHQ4|A0A8Q3SHQ4_HUMAN,6SO3_B,8.2e-14,176.43,140.97,29.18,137.78
tr|A0A8Q3SID7|A0A8Q3SID7_HUMAN,3GAW_A,2.2e-66,486.39,102.36,63.89,90.26
tr|A0A8Q3SIQ3|A0A8Q3SIQ3_HUMAN,4BXO_A,5e-10,92.75,73.76,8.85,73.28
tr|A0A8Q3SIT3|A0A8Q3SIT3_HUMAN,6JPA_C,0.064,40.56,NaN,NaN,NaN
tr|A0A8Q3SIZ6|A0A8Q3SIZ6_HUMAN,6TNG_B,1.9e-163,1348.29,798.80,543.35,585.32
tr|A0A8V8TL42|A0A8V8TL42_HUMAN,5MZV_C,3.6e-20,127.18,90.74,29.92,85.62
tr|A0A8V8TL69|A0A8V8TL69_HUMAN,6TUT_P,2.9e-26,182.31,146.28,45.65,136.95
tr|A0A8V8TL76|A0A8V8TL76_HUMAN,5MZV_C,8.4e-20,127.01,90.71,29.58,85.70
tr|A0A8V8TMB5|A0A8V8TMB5_HUMAN,7P3Z_B,57.0,31.06,NaN,NaN,NaN
tr|A0A8V8TN48|A0A8V8TN48_HUMAN,6SRE_A,2.3e-38,270.46,130.62,32.62,127.41
tr|A0A8V8TNT2|A0A8V8TNT2_HUMAN,7NTF_B,8.4e-16,138.6,81.44,11.18,80.68
tr|A0A8V8TPX5|A0A8V8TPX5_HUMAN,4PO6_A,2.7e-93,696.18,275.79,227.75,186.72
tr|A0A8V8TQV5|A0A8V8TQV5_HUMAN,7ABG_A4,0.015,66.29,NaN,NaN,NaN
tr|A0A8Z5F6C8|A0A8Z5F6C8_HUMAN,5IJO_F,4.2e-71,503.69,254.89,156.54,208.78
tr|A0A994J479|A0A994J479_HUMAN,3BES_R,3.5e-19,138.75,74.44,17.48,72.71
tr|A0A994J517|A0A994J517_HUMAN,7QVF_A,8.7e-40,261.54,260.75,0.78,260.75
tr|A0A994J5R3|A0A994J5R3_HUMAN,7NVU_W,56.0,28.29,NaN,NaN,NaN
tr|A0A994J736|A0A994J736_HUMAN,6PNQ_B,1.1e-27,201.62,201.62,0.00,201.62
tr|A0A994J7I4|A0A994J7I4_HUMAN,2CJS_C,1.1e-22,168.03,79.48,27.64,75.97
tr|A0A994J7M9|A0A994J7M9_HUMAN,7W72_S,7.1e-61,442.31,442.31,0.00,442.31
tr|A0A994J7N9|A0A994J7N9_HUMAN,2XKX_B,1.7e-64,464.99,99.86,68.15,89.52
tr|A0A994J7X1|A0A994J7X1_HUMAN,6TBM_C,0.13,52.67,NaN,NaN,NaN
tr|A0A9L9PX32|A0A9L9PX32_HUMAN,3J4Q_C,0.014,35.91,NaN,NaN,NaN
tr|A2A3Z5|A2A3Z5_HUMAN,6HSV_L,87.0,26.34,NaN,NaN,NaN
tr|A3KFJ8|A3KFJ8_HUMAN,1M1J_B,4.3e-48,352.11,270.11,45.69,266.20
tr|A8MY48|A8MY48_HUMAN,1CM8_B,1.7e-17,109.0,56.00,5.94,55.74
tr|A8MYK1|A8MYK1_HUMAN,7OF0_U,3.7e-17,124.13,79.18,18.96,77.20
tr|B0QY18|B0QY18_HUMAN,7AIH_Ay,73.0,27.39,NaN,NaN,NaN
tr|B1AKB9|B1AKB9_HUMAN,6SJV_A,20.0,29.35,NaN,NaN,NaN
tr|B1AZ06|B1AZ06_HUMAN,4LGV_C,93.0,19.49,NaN,NaN,NaN
tr|B3KUL3|B3KUL3_HUMAN,2RHS_C,14.0,32.71,NaN,NaN,NaN
tr|B3KVY5|B3KVY5_HUMAN,2Q10_B,68.0,26.04,NaN,NaN,NaN
tr|B4DML5|B4DML5_HUMAN,6GLC_A,1.1e-09,88.58,71.41,14.51,69.91
tr|B4DVL2|B4DVL2_HUMAN,6DXW_C,8.9e-24,166.04,99.01,29.36,95.04
tr|B4DZB7|B4DZB7_HUMAN,1DP7_P,1.7e-11,70.15,70.15,0.00,70.15
tr|B7Z8X0|B7Z8X0_HUMAN,3O7Q_A,1.4e-07,84.6,71.41,3.95,71.31
tr|B7ZBA9|B7ZBA9_HUMAN,1ZLG_A,0.69,32.64,NaN,NaN,NaN
tr|B8ZZ80|B8ZZ80_HUMAN,7JPP_B,6.2e-21,159.1,159.10,0.00,159.10
tr|B9A034|B9A034_HUMAN,5BNQ_R,1.7e-20,134.76,105.13,16.87,103.80
tr|C9IYI6|C9IYI6_HUMAN,1ZC0_A,6.2e-18,118.22,99.23,21.68,96.57
tr|C9IYM9|C9IYM9_HUMAN,2LXT_C,4.7e-11,71.61,71.61,0.00,71.61
tr|C9IZC3|C9IZC3_HUMAN,1WJ7_A,7.8e-07,58.71,58.71,0.00,58.71
tr|C9J0A6|C9J0A6_HUMAN,6WCQ_C,3.8e-13,99.18,64.18,9.87,63.48
tr|C9J1V2|C9J1V2_HUMAN,7M0R_D,5.5e-37,270.1,143.24,52.38,134.76
tr|C9J524|C9J524_HUMAN,5N9B_A,230.0,20.16,NaN,NaN,NaN
tr|C9J627|C9J627_HUMAN,5N4A_A,1.8e-15,121.29,121.29,0.00,121.29
tr|C9J6F9|C9J6F9_HUMAN,5LLF_D,24.0,21.44,NaN,NaN,NaN
tr|C9J7C5|C9J7C5_HUMAN,6BCX_Y,7.3,33.07,NaN,NaN,NaN
tr|C9J7D4|C9J7D4_HUMAN,5ZWM_N,130.0,21.61,NaN,NaN,NaN
tr|C9J8R7|C9J8R7_HUMAN,7OI6_y,3.6e-45,291.51,130.48,76.88,110.15
tr|C9JA89|C9JA89_HUMAN,6XYW_Bv,54.0,33.63,NaN,NaN,NaN
tr|C9JAM9|C9JAM9_HUMAN,4YKN_A,5.3e-28,209.63,184.24,18.36,183.29
tr|C9JB85|C9JB85_HUMAN,1Z7S_2,480.0,22.72,NaN,NaN,NaN
tr|C9JBL3|C9JBL3_HUMAN,3HR2_B,8e-13,113.28,113.28,0.00,113.28
tr|C9JC72|C9JC72_HUMAN,4E0S_B,1.2e-19,150.61,89.11,36.33,83.01
tr|C9JE61|C9JE61_HUMAN,1RUT_X,1.4e-05,43.21,NaN,NaN,NaN
tr|C9JF41|C9JF41_HUMAN,4HLN_A,100.0,25.44,NaN,NaN,NaN
tr|C9JFU1|C9JFU1_HUMAN,6CMY_A,8.9e-48,292.55,292.55,0.00,292.55
tr|C9JIB1|C9JIB1_HUMAN,5T3T_F,12.0,22.84,NaN,NaN,NaN
tr|C9JIU4|C9JIU4_HUMAN,3NPI_A,27.0,18.44,NaN,NaN,NaN
tr|C9JKP4|C9JKP4_HUMAN,6E9C_A,0.01,44.63,NaN,NaN,NaN
tr|C9JMY2|C9JMY2_HUMAN,7KGV_B,8.7e-10,89.85,86.38,4.90,86.24
tr|C9JNB9|C9JNB9_HUMAN,6QAJ_B,6.9e-13,84.57,62.16,10.03,61.34
tr|C9JPC3|C9JPC3_HUMAN,2MPH_A,1.2e-12,87.01,57.68,7.70,57.20
tr|C9JPR9|C9JPR9_HUMAN,3OST_A,320.0,20.91,NaN,NaN,NaN
tr|C9JR62|C9JR62_HUMAN,1SJJ_A,8.2e-05,71.07,NaN,NaN,NaN
tr|C9JTE5|C9JTE5_HUMAN,6ZNL_Z,2.1e-16,126.3,51.99,16.54,50.34
tr|C9JU48|C9JU48_HUMAN,6PW5_D,1.1e-11,112.63,81.22,11.87,80.32
tr|C9JUJ0|C9JUJ0_HUMAN,6LU8_9,0.1,38.65,NaN,NaN,NaN
tr|C9JVC8|C9JVC8_HUMAN,2A90_A,0.00022,47.13,NaN,NaN,NaN
tr|C9JVY2|C9JVY2_HUMAN,7JTK_M,0.00077,43.3,NaN,NaN,NaN
tr|C9JW89|C9JW89_HUMAN,2ZXD_A,200.0,24.48,NaN,NaN,NaN
tr|C9JZM9|C9JZM9_HUMAN,7NVK_AAA,95.0,24.82,NaN,NaN,NaN
tr|C9JZR9|C9JZR9_HUMAN,6XPE_B,4.7e-10,84.82,79.75,3.18,79.69
tr|C9JZU6|C9JZU6_HUMAN,5A1Q_A,50.0,22.04,NaN,NaN,NaN
tr|C9K032|C9K032_HUMAN,7SBP_A,0.99,43.9,NaN,NaN,NaN
tr|C9K059|C9K059_HUMAN,7EEB_L,0.18,39.85,NaN,NaN,NaN
tr|C9K0R0|C9K0R0_HUMAN,5B4X_B,8.5e-13,89.76,61.84,12.28,60.67
tr|C9K0U4|C9K0U4_HUMAN,1KVE_C,69.0,21.82,NaN,NaN,NaN
tr|D3YTH5|D3YTH5_HUMAN,6SC2_C,1.1,46.47,NaN,NaN,NaN
tr|D6R929|D6R929_HUMAN,6ARX_B,110.0,20.11,NaN,NaN,NaN
tr|D6RAP6|D6RAP6_HUMAN,5BPW_A,2e-21,166.29,100.28,47.87,88.76
tr|D6RAQ0|D6RAQ0_HUMAN,2QQP_G,170.0,25.87,NaN,NaN,NaN
tr|D6RB00|D6RB00_HUMAN,6RGN_A,210.0,21.67,NaN,NaN,NaN
tr|D6RB62|D6RB62_HUMAN,7ASE_f,9.8e-13,121.07,121.07,0.00,121.07
tr|D6RB63|D6RB63_HUMAN,3RMR_B,120.0,25.63,NaN,NaN,NaN
tr|D6RBY3|D6RBY3_HUMAN,3D34_B,3.3e-08,65.1,65.10,0.00,65.10
tr|D6RC17|D6RC17_HUMAN,3VUF_A,63.0,29.59,NaN,NaN,NaN
tr|D6RCN9|D6RCN9_HUMAN,5WBS_C,8.7,25.48,NaN,NaN,NaN
tr|D6RDL8|D6RDL8_HUMAN,1JDP_B,4.7e-18,123.17,72.75,15.34,71.43
tr|D6RDW9|D6RDW9_HUMAN,5J11_C,1.1e-14,100.75,71.06,14.27,69.66
tr|D6REA8|D6REA8_HUMAN,3W95_A,96.0,22.36,NaN,NaN,NaN
tr|D6REL4|D6REL4_HUMAN,6Q8I_L,1.6e-56,398.78,398.78,0.00,398.78
tr|D6RFW1|D6RFW1_HUMAN,2IF4_A,2e-13,106.28,64.58,8.08,64.11
tr|D6RFW7|D6RFW7_HUMAN,7CCS_A,0.1,35.07,NaN,NaN,NaN
tr|D6RHW0|D6RHW0_HUMAN,6WJ3_H,4.3e-09,58.22,58.22,0.00,58.22
tr|E0CX16|E0CX16_HUMAN,6U08_F,0.94,28.4,NaN,NaN,NaN
tr|E2PU09|E2PU09_HUMAN,7M0R_B,2.9e-48,377.06,300.93,45.46,297.42
tr|E5RFC4|E5RFC4_HUMAN,4GQZ_D,48.0,22.19,NaN,NaN,NaN
tr|E5RFM6|E5RFM6_HUMAN,2H8H_A,3.2,31.45,NaN,NaN,NaN
tr|E5RFN5|E5RFN5_HUMAN,3WE9_A,7.2e-12,88.81,82.04,4.84,81.90
tr|E5RFT3|E5RFT3_HUMAN,4KIK_B,0.0047,48.49,NaN,NaN,NaN
tr|E5RFX2|E5RFX2_HUMAN,6VCD_B,5.4e-07,54.37,50.84,2.31,50.79
tr|E5RHD6|E5RHD6_HUMAN,1UOC_B,0.0067,39.75,NaN,NaN,NaN
tr|E5RIB2|E5RIB2_HUMAN,6WG5_A,4.9e-25,175.75,88.03,26.92,85.31
tr|E5RIK1|E5RIK1_HUMAN,2LRR_A,0.0092,41.34,NaN,NaN,NaN
tr|E5RIM1|E5RIM1_HUMAN,3HTK_C,0.9,33.53,NaN,NaN,NaN
tr|E5RJF1|E5RJF1_HUMAN,5T7C_A,0.42,19.33,NaN,NaN,NaN
tr|E5RK29|E5RK29_HUMAN,6HIX_Be,28.0,21.87,NaN,NaN,NaN
tr|E5RK76|E5RK76_HUMAN,1UF2_K,130.0,27.31,NaN,NaN,NaN
tr|E7BWR8|E7BWR8_HUMAN,1NKR_A,5.2e-19,116.81,87.53,15.22,86.21
tr|E7ENJ7|E7ENJ7_HUMAN,7NRC_A,24.0,42.25,NaN,NaN,NaN
tr|E7ETX0|E7ETX0_HUMAN,6NQ2_B,4.4e-57,417.33,129.62,66.81,117.34
tr|E9PCA3|E9PCA3_HUMAN,7FII_R,7.5e-39,292.16,140.84,21.50,139.25
tr|E9PEK0|E9PEK0_HUMAN,6LTJ_Q,0.024,61.28,NaN,NaN,NaN
tr|E9PF95|E9PF95_HUMAN,1H2I_O,9.2e-24,154.78,149.94,3.70,149.90
tr|E9PFQ8|E9PFQ8_HUMAN,6ZXG_z,6.3e-11,95.4,95.40,0.00,95.40
tr|E9PH58|E9PH58_HUMAN,4YLS_A,5.2e-59,457.31,316.49,91.24,304.99
tr|E9PHY4|E9PHY4_HUMAN,2QJK_B,9.8,29.37,NaN,NaN,NaN
tr|E9PHZ6|E9PHZ6_HUMAN,1B3U_B,0.00016,50.73,NaN,NaN,NaN
tr|E9PI12|E9PI12_HUMAN,6LTH_L,180.0,31.76,NaN,NaN,NaN
tr|E9PIT6|E9PIT6_HUMAN,5GM9_A,58.0,22.69,NaN,NaN,NaN
tr|E9PJM9|E9PJM9_HUMAN,4P13_D,1.4e-06,59.62,57.44,1.54,57.42
tr|E9PKK2|E9PKK2_HUMAN,3MJ7_A,3.2e-16,110.98,60.99,6.91,60.66
tr|E9PKU9|E9PKU9_HUMAN,7PHH_B,4.1,33.57,NaN,NaN,NaN
tr|E9PL10|E9PL10_HUMAN,6T59_NB,2.1e-40,252.05,144.74,69.95,128.26
tr|E9PLE2|E9PLE2_HUMAN,6FEC_w,16.0,33.79,NaN,NaN,NaN
tr|E9PNW9|E9PNW9_HUMAN,1WMI_B,68.0,18.48,NaN,NaN,NaN
tr|E9PPA5|E9PPA5_HUMAN,4TND_A,6.7e-24,182.61,135.25,9.83,134.91
tr|E9PQ95|E9PQ95_HUMAN,5X8R_f,69.0,17.81,NaN,NaN,NaN
tr|E9PQD7|E9PQD7_HUMAN,7O7Y_Ab,1.7e-77,499.98,235.37,128.74,200.87
tr|E9PQH2|E9PQH2_HUMAN,6S48_A,210.0,24.21,NaN,NaN,NaN
tr|E9PR25|E9PR25_HUMAN,3H71_B,11.0,30.19,NaN,NaN,NaN
tr|E9PRJ0|E9PRJ0_HUMAN,6ZM6_AW,150.0,25.64,NaN,NaN,NaN
tr|E9PRR6|E9PRR6_HUMAN,6EKZ_A,32.0,29.64,NaN,NaN,NaN
tr|F2Z316|F2Z316_HUMAN,6A9V_A,300.0,20.13,NaN,NaN,NaN
tr|F5GX58|F5GX58_HUMAN,2BBZ_B,990.0,20.59,NaN,NaN,NaN
tr|F5GYK2|F5GYK2_HUMAN,7K36_G,2e-79,606.56,142.70,38.10,140.59
tr|F5GYQ6|F5GYQ6_HUMAN,7OFN_A,7.6e-10,79.1,79.10,0.00,79.10
tr|F5H0U3|F5H0U3_HUMAN,2B9L_A,6.7e-25,183.18,127.86,32.44,122.78
tr|F5H136|F5H136_HUMAN,4PJ1_G,2.5e-24,165.04,144.80,8.67,144.53
tr|F5H1Y9|F5H1Y9_HUMAN,6II2_D,210.0,19.98,NaN,NaN,NaN
tr|F5H2S4|F5H2S4_HUMAN,3C25_A,410.0,22.67,NaN,NaN,NaN
tr|F5H5N2|F5H5N2_HUMAN,4EB7_C,1.6e-22,143.72,129.01,7.54,128.79
tr|F5H6N9|F5H6N9_HUMAN,7PZC_A,4.5e-10,106.24,93.34,11.08,92.67
tr|F5H7N1|F5H7N1_HUMAN,7RFP_A,4.4,31.6,NaN,NaN,NaN
tr|F5H8G5|F5H8G5_HUMAN,6B1B_B,89.0,25.86,NaN,NaN,NaN
tr|F6SXV3|F6SXV3_HUMAN,1OIS_A,220.0,26.97,NaN,NaN,NaN
tr|F8VRQ9|F8VRQ9_HUMAN,4NLH_A,1.3e-26,161.78,130.52,13.14,129.92
tr|F8VU58|F8VU58_HUMAN,1XKU_A,2.3,27.37,NaN,NaN,NaN
tr|F8VV63|F8VV63_HUMAN,2JU0_B,3.3,30.0,NaN,NaN,NaN
tr|F8VWH5|F8VWH5_HUMAN,7F4G_R,81.0,33.13,NaN,NaN,NaN
tr|F8VXH4|F8VXH4_HUMAN,6LXW_J,51.0,26.71,NaN,NaN,NaN
tr|F8W0G0|F8W0G0_HUMAN,2L6G_A,2.5e-09,65.2,65.20,0.00,65.20
tr|F8W1N3|F8W1N3_HUMAN,6GM5_A,35.0,24.32,NaN,NaN,NaN
tr|F8W7U6|F8W7U6_HUMAN,5DMD_B,86.0,22.27,NaN,NaN,NaN
tr|F8WAZ1|F8WAZ1_HUMAN,5J5T_A,5.7e-18,117.01,83.60,5.41,83.43
tr|F8WB97|F8WB97_HUMAN,5GVB_A,690.0,19.96,NaN,NaN,NaN
tr|F8WBD8|F8WBD8_HUMAN,4LIM_A,140.0,24.81,NaN,NaN,NaN
tr|F8WBI8|F8WBI8_HUMAN,5VM1_C,0.037,40.6,NaN,NaN,NaN
tr|F8WBK0|F8WBK0_HUMAN,5YFP_A,110.0,27.07,NaN,NaN,NaN
tr|F8WC37|F8WC37_HUMAN,6VVO_B,9.7e-10,68.28,61.03,7.25,60.60
tr|F8WC95|F8WC95_HUMAN,3CLO_A,3.1,28.45,NaN,NaN,NaN
tr|F8WCD2|F8WCD2_HUMAN,1RSO_B,0.00057,32.07,NaN,NaN,NaN
tr|F8WDK8|F8WDK8_HUMAN,4V6W_CU,0.00098,51.06,NaN,NaN,NaN
tr|F8WDW2|F8WDW2_HUMAN,6S7O_G,31.0,26.05,NaN,NaN,NaN
tr|F8WEJ4|F8WEJ4_HUMAN,6FVI_A,85.0,21.38,NaN,NaN,NaN
tr|G3V1A8|G3V1A8_HUMAN,6GBI_A,0.00099,36.82,NaN,NaN,NaN
tr|G3V1M5|G3V1M5_HUMAN,1H2C_A,110.0,25.22,NaN,NaN,NaN
tr|G3V2V4|G3V2V4_HUMAN,6BI6_A,220.0,21.22,NaN,NaN,NaN
tr|G3V3G2|G3V3G2_HUMAN,1I2H_A,4.4e-18,112.96,79.39,20.54,76.68
tr|G3V4U1|G3V4U1_HUMAN,7B00_A,7.4e-12,93.26,72.44,9.59,71.82
tr|G3V528|G3V528_HUMAN,6YNY_B,120.0,25.18,NaN,NaN,NaN
tr|G3V569|G3V569_HUMAN,3EBC_B,27.0,27.13,NaN,NaN,NaN
tr|G3V5B6|G3V5B6_HUMAN,4NN2_B,0.0011,36.24,NaN,NaN,NaN
tr|G8JLM4|G8JLM4_HUMAN,7PER_H,3.2,46.68,NaN,NaN,NaN
tr|H0Y2Y1|H0Y2Y1_HUMAN,6V4X_D,130.0,25.31,NaN,NaN,NaN
tr|H0Y3D4|H0Y3D4_HUMAN,6MJ2_A,2.4e-32,237.71,204.71,22.02,203.49
tr|H0Y448|H0Y448_HUMAN,6PW5_D,2.1e-21,210.76,148.19,22.67,146.40
tr|H0Y5Y2|H0Y5Y2_HUMAN,6WCQ_C,3.7e-05,57.15,48.42,0.00,48.42
tr|H0Y6D8|H0Y6D8_HUMAN,7NVU_O,6.8e-19,124.68,106.72,7.85,106.45
tr|H0Y6Z4|H0Y6Z4_HUMAN,6ICI_A,1.5e-24,191.29,74.11,31.74,69.57
tr|H0Y720|H0Y720_HUMAN,6X9O_A,18.0,51.15,NaN,NaN,NaN
tr|H0Y873|H0Y873_HUMAN,3T9K_A,5.4e-31,226.48,89.72,39.65,82.91
tr|H0Y8F3|H0Y8F3_HUMAN,6ULG_N,3.3e-44,349.41,348.86,0.55,348.86
tr|H0Y8M8|H0Y8M8_HUMAN,5NV6_A,2.1e-31,208.78,174.64,21.90,173.31
tr|H0Y8T5|H0Y8T5_HUMAN,3TTC_A,130.0,23.05,NaN,NaN,NaN
tr|H0Y931|H0Y931_HUMAN,4D8O_A,3.8e-70,518.03,330.53,140.84,299.01
tr|H0Y9L2|H0Y9L2_HUMAN,7PLO_Q,4800.0,22.27,NaN,NaN,NaN
tr|H0YA61|H0YA61_HUMAN,7DVQ_4,2.4e-05,61.02,57.09,0.00,57.09
tr|H0YA94|H0YA94_HUMAN,4QUV_B,25.0,21.7,NaN,NaN,NaN
tr|H0YCY9|H0YCY9_HUMAN,6JBJ_B,2.8e-19,137.24,68.38,8.95,67.86
tr|H0YD30|H0YD30_HUMAN,2KJ1_B,19.0,26.97,NaN,NaN,NaN
tr|H0YDZ7|H0YDZ7_HUMAN,4AQL_A,2e-21,145.48,80.72,15.69,79.37
tr|H0YEL2|H0YEL2_HUMAN,6YIH_C,310.0,20.86,NaN,NaN,NaN
tr|H0YER5|H0YER5_HUMAN,6LKZ_D,14.0,28.38,NaN,NaN,NaN
tr|H0YEZ4|H0YEZ4_HUMAN,4K17_A,0.44,32.22,NaN,NaN,NaN
tr|H0YF88|H0YF88_HUMAN,4KXF_H,2.9e-06,80.4,68.16,7.15,67.79
tr|H0YFV6|H0YFV6_HUMAN,6Y4G_A,1.3e-71,520.96,425.75,132.66,400.59
tr|H0YG35|H0YG35_HUMAN,5I6R_A,3.4e-05,57.77,NaN,NaN,NaN
tr|H0YGI1|H0YGI1_HUMAN,6B3Y_B,51.0,29.72,NaN,NaN,NaN
tr|H0YI54|H0YI54_HUMAN,3TNU_A,0.93,20.97,NaN,NaN,NaN
tr|H0YIA4|H0YIA4_HUMAN,7QVC_B,2.5e-22,151.37,150.86,0.52,150.85
tr|H0YIK9|H0YIK9_HUMAN,2PUO_A,9.5,21.06,NaN,NaN,NaN
tr|H0YJ59|H0YJ59_HUMAN,6T36_A,1.5e-08,81.87,61.38,5.93,61.13
tr|H0YJY0|H0YJY0_HUMAN,6NCM_A,0.00043,40.95,NaN,NaN,NaN
tr|H0YK63|H0YK63_HUMAN,7PUA_F5,110.0,26.4,NaN,NaN,NaN
tr|H0YKE6|H0YKE6_HUMAN,6M22_A,1.1e-06,79.29,79.29,0.00,79.29
tr|H0YKY9|H0YKY9_HUMAN,7NVR_m,2.9,30.49,NaN,NaN,NaN
tr|H0YL71|H0YL71_HUMAN,5X6H_B,5.9e-08,61.12,55.46,5.66,55.17
tr|H0YLQ5|H0YLQ5_HUMAN,7RRO_H3,54.0,30.8,NaN,NaN,NaN
tr|H0YLX0|H0YLX0_HUMAN,7ENC_l,210.0,22.07,NaN,NaN,NaN
tr|H0YM54|H0YM54_HUMAN,6FYY_m,6e-44,274.34,159.39,48.99,152.19
tr|H0YM60|H0YM60_HUMAN,3U28_B,0.017,30.07,NaN,NaN,NaN
tr|H0YMB1|H0YMB1_HUMAN,7CC7_A,6.5e-10,76.27,76.27,0.00,76.27
tr|H0YMH9|H0YMH9_HUMAN,6WXU_B,4.8e-60,396.03,392.04,3.98,392.02
tr|H0YN53|H0YN53_HUMAN,7A3L_A,7.8e-14,116.3,108.19,14.05,107.17
tr|H0YNW9|H0YNW9_HUMAN,6NHJ_S,420.0,23.04,NaN,NaN,NaN
tr|H3BLW0|H3BLW0_HUMAN,6KGX_b1,1100.0,26.46,NaN,NaN,NaN
tr|H3BLY5|H3BLY5_HUMAN,6R5K_A,7.9e-09,83.39,74.57,8.82,74.05
tr|H3BMC4|H3BMC4_HUMAN,7RRO_c,4.9,30.37,NaN,NaN,NaN
tr|H3BN15|H3BN15_HUMAN,1K9A_B,2.5e-08,61.55,57.23,4.76,57.02
tr|H3BN18|H3BN18_HUMAN,2L73_A,0.00011,40.69,NaN,NaN,NaN
tr|H3BNP9|H3BNP9_HUMAN,6MP5_B,3.7e-24,151.37,86.97,34.33,81.31
tr|H3BPI4|H3BPI4_HUMAN,6OD7_E,150.0,25.89,NaN,NaN,NaN
tr|H3BPW9|H3BPW9_HUMAN,2VC8_A,1.8e-19,127.93,104.41,15.23,103.31
tr|H3BQ21|H3BQ21_HUMAN,4I2X_F,5.8e-19,124.61,61.52,10.90,60.73
tr|H3BQD0|H3BQD0_HUMAN,5H48_A,4.7e-09,68.85,66.84,2.00,66.81
tr|H3BRE8|H3BRE8_HUMAN,6TMG_V,110.0,31.35,NaN,NaN,NaN
tr|H3BRW0|H3BRW0_HUMAN,5CM8_A,1.3e-06,70.61,70.61,0.00,70.61
tr|H3BSY4|H3BSY4_HUMAN,1RI9_A,1.2,30.17,NaN,NaN,NaN
tr|H3BT66|H3BT66_HUMAN,3ZEF_E,190.0,24.35,NaN,NaN,NaN
tr|H3BTI9|H3BTI9_HUMAN,7BL1_CCC,1.3e-13,109.55,82.53,6.50,82.28
tr|H3BUF3|H3BUF3_HUMAN,7CW3_X,140.0,25.43,NaN,NaN,NaN
tr|H3BUH2|H3BUH2_HUMAN,5KVM_A,1.4e-25,165.55,165.55,0.00,165.55
tr|H3BUI4|H3BUI4_HUMAN,7P3Z_B,38.0,29.71,NaN,NaN,NaN
tr|H3BUM1|H3BUM1_HUMAN,6N9D_B,0.46,33.49,NaN,NaN,NaN
tr|H3BUN2|H3BUN2_HUMAN,4MJG_B,76.0,26.06,NaN,NaN,NaN
tr|H3BUU3|H3BUU3_HUMAN,4BEW_A,0.029,34.66,NaN,NaN,NaN
tr|H3BUY5|H3BUY5_HUMAN,6Y4G_B,97.0,30.31,NaN,NaN,NaN
tr|H3BVA4|H3BVA4_HUMAN,7N9F_V,170.0,28.67,NaN,NaN,NaN
tr|H7BXH6|H7BXH6_HUMAN,5GZT_B,8e-09,83.0,63.22,6.98,62.86
tr|H7BY33|H7BY33_HUMAN,5TBY_A,0.00069,76.53,NaN,NaN,NaN
tr|H7BZ38|H7BZ38_HUMAN,2A8L_A,5.6e-13,106.05,73.65,16.25,72.14
tr|H7BZG3|H7BZG3_HUMAN,6MEZ_B,44.0,23.62,NaN,NaN,NaN
tr|H7BZK1|H7BZK1_HUMAN,5EC6_A,290.0,26.59,NaN,NaN,NaN
tr|H7BZM5|H7BZM5_HUMAN,4GAF_B,8.8e-09,66.19,64.74,1.45,64.72
tr|H7C0D8|H7C0D8_HUMAN,6Y9B_A,2.1e-15,119.38,94.66,24.71,91.38
tr|H7C0X2|H7C0X2_HUMAN,4U4V_A,3.5e-07,71.22,65.40,2.38,65.36
tr|H7C0Z5|H7C0Z5_HUMAN,3BES_R,6e-19,136.6,74.46,17.68,72.70
tr|H7C141|H7C141_HUMAN,3T7H_A,60.0,27.69,NaN,NaN,NaN
tr|H7C1R9|H7C1R9_HUMAN,6ZYA_A,3.7e-22,165.69,81.43,31.73,76.30
tr|H7C233|H7C233_HUMAN,7D9H_B,55.0,27.28,NaN,NaN,NaN
tr|H7C246|H7C246_HUMAN,6THL_B,59.0,22.05,NaN,NaN,NaN
tr|H7C295|H7C295_HUMAN,1YNH_B,12.0,32.97,NaN,NaN,NaN
tr|H7C2I7|H7C2I7_HUMAN,3U02_B,23.0,23.64,NaN,NaN,NaN
tr|H7C2M9|H7C2M9_HUMAN,7YXX_A,4.7e-51,411.75,411.75,0.00,411.75
tr|H7C307|H7C307_HUMAN,4I69_B,3.7,28.05,NaN,NaN,NaN
tr|H7C336|H7C336_HUMAN,7O4H_D,480.0,29.56,NaN,NaN,NaN
tr|H7C3F3|H7C3F3_HUMAN,7AOA_A,1.4e-09,81.34,81.34,0.00,81.34
tr|H7C3I3|H7C3I3_HUMAN,6CET_D,4.2e-34,263.56,263.56,0.00,263.56
tr|H7C3I5|H7C3I5_HUMAN,7ND2_D,8.1e-18,120.55,79.45,9.04,78.96
tr|H7C3V2|H7C3V2_HUMAN,7PUG_A,130.0,28.11,NaN,NaN,NaN
tr|H7C4I0|H7C4I0_HUMAN,7DSK_A,0.011,47.55,NaN,NaN,NaN
tr|H7C4I8|H7C4I8_HUMAN,5NPF_A,160.0,19.53,NaN,NaN,NaN
tr|H7C4U6|H7C4U6_HUMAN,3J8G_X,3.3e-05,58.28,NaN,NaN,NaN
tr|H7C533|H7C533_HUMAN,6VP6_A,8.9e-06,59.07,45.68,2.74,45.60
tr|H7C5A0|H7C5A0_HUMAN,6VVO_B,2.2e-06,54.65,54.65,0.00,54.65
tr|H7C607|H7C607_HUMAN,4C5H_B,46.0,21.95,NaN,NaN,NaN
tr|I3L100|I3L100_HUMAN,4KG0_A,2.3e-18,152.39,144.47,6.17,144.34
tr|I3L164|I3L164_HUMAN,2C4K_F,5.5e-13,97.1,83.05,7.54,82.71
tr|I3L1B9|I3L1B9_HUMAN,2BBZ_B,2.4,27.93,NaN,NaN,NaN
tr|I3L1J4|I3L1J4_HUMAN,2VE7_B,1.2,37.85,NaN,NaN,NaN
tr|I3L1T5|I3L1T5_HUMAN,6IGZ_F,87.0,24.39,NaN,NaN,NaN
tr|I3L2H6|I3L2H6_HUMAN,1I2C_A,1.4e-14,112.48,76.74,11.47,75.93
tr|I3L331|I3L331_HUMAN,2C4K_F,4.3e-11,85.86,71.67,6.68,71.35
tr|I3L400|I3L400_HUMAN,6Z3R_A,5.2e-61,539.12,492.75,46.38,490.56
tr|I3L495|I3L495_HUMAN,1UUJ_D,2.8e-29,157.99,123.51,25.10,121.10
tr|I3L4Y2|I3L4Y2_HUMAN,6QNX_C,9.4e-05,60.52,43.86,1.65,43.83
tr|I3L530|I3L530_HUMAN,4RUW_A,110.0,22.26,NaN,NaN,NaN
tr|J3KN11|J3KN11_HUMAN,5ZWM_O,38.0,28.91,NaN,NaN,NaN
tr|J3KP58|J3KP58_HUMAN,2CP6_A,3.6e-25,201.96,92.49,35.95,86.78
tr|J3KPV6|J3KPV6_HUMAN,6WTH_A,1.7e-98,693.83,341.40,146.96,315.90
tr|J3KQX4|J3KQX4_HUMAN,7RZ5_A,6.2e-09,76.71,61.62,7.63,61.18
tr|J3KRE7|J3KRE7_HUMAN,6A70_B,3.4e-13,150.83,127.67,14.88,126.72
tr|J3KRP5|J3KRP5_HUMAN,6ZXG_k,0.00019,49.81,NaN,NaN,NaN
tr|J3KSC2|J3KSC2_HUMAN,5VA1_A,1.5e-07,69.2,69.20,0.00,69.20
tr|J3KSD4|J3KSD4_HUMAN,7DSK_A,1.1,30.25,NaN,NaN,NaN
tr|J3KST6|J3KST6_HUMAN,7CCS_A,0.34,36.46,NaN,NaN,NaN
tr|J3QKX1|J3QKX1_HUMAN,5OQT_C,8.0,21.36,NaN,NaN,NaN
tr|J3QLA8|J3QLA8_HUMAN,2QAG_A,5e-20,144.5,68.26,23.60,64.98
tr|J3QLG6|J3QLG6_HUMAN,6JD6_B,61.0,30.41,NaN,NaN,NaN
tr|J3QLM7|J3QLM7_HUMAN,6X9G_A,0.18,33.64,NaN,NaN,NaN
tr|J3QQM3|J3QQM3_HUMAN,6WCQ_C,2.4e-16,126.08,80.63,13.44,79.52
tr|J3QR51|J3QR51_HUMAN,4WNR_A,1.8e-11,80.9,60.95,5.32,60.72
tr|J3QRD1|J3QRD1_HUMAN,5MYP_A,1.3e-53,366.02,260.75,18.85,260.09
tr|J3QRI3|J3QRI3_HUMAN,1N7I_B,2.7e-11,81.78,72.64,10.47,71.85
tr|J3QRT0|J3QRT0_HUMAN,2QKW_A,29.0,22.69,NaN,NaN,NaN
tr|J3QS10|J3QS10_HUMAN,7CK6_I,78.0,23.59,NaN,NaN,NaN
tr|K7EID2|K7EID2_HUMAN,6LDQ_C,0.91,28.0,NaN,NaN,NaN
tr|K7EIL0|K7EIL0_HUMAN,4JOI_C,1.3e-07,61.54,60.06,1.48,60.04
tr|K7EIU1|K7EIU1_HUMAN,7D3F_D,4.4,29.68,NaN,NaN,NaN
tr|K7EIY0|K7EIY0_HUMAN,7F5N_B,8.4e-08,64.46,64.46,0.00,64.46
tr|K7EIY3|K7EIY3_HUMAN,5Y2D_A,570.0,18.6,NaN,NaN,NaN
tr|K7EIY9|K7EIY9_HUMAN,6JPA_F,7e-05,56.79,NaN,NaN,NaN
tr|K7EJJ6|K7EJJ6_HUMAN,5JXT_K,10.0,27.27,NaN,NaN,NaN
tr|K7EJU7|K7EJU7_HUMAN,5FDN_B,99.0,30.23,NaN,NaN,NaN
tr|K7EKL6|K7EKL6_HUMAN,2A45_K,6.8,24.66,NaN,NaN,NaN
tr|K7EL26|K7EL26_HUMAN,7PY2_C,0.017,39.8,NaN,NaN,NaN
tr|K7EL80|K7EL80_HUMAN,7EU1_M,120.0,25.82,NaN,NaN,NaN
tr|K7EL91|K7EL91_HUMAN,5XQI_B,1.5e-08,69.91,64.91,5.00,64.72
tr|K7ELG1|K7ELG1_HUMAN,7ARD_Y,41.0,26.04,NaN,NaN,NaN
tr|K7EMG7|K7EMG7_HUMAN,6B9H_A,9.3e-16,104.71,89.36,13.29,88.37
tr|K7EML5|K7EML5_HUMAN,6FQ3_A,0.79,32.26,NaN,NaN,NaN
tr|K7ENI8|K7ENI8_HUMAN,1KEQ_A,0.00069,39.42,NaN,NaN,NaN
tr|K7ENV2|K7ENV2_HUMAN,6NCL_a7,300.0,23.29,NaN,NaN,NaN
tr|K7EP09|K7EP09_HUMAN,6TS8_B,210.0,26.22,NaN,NaN,NaN
tr|K7EP26|K7EP26_HUMAN,1C8B_B,64.0,24.96,NaN,NaN,NaN
tr|K7EPH6|K7EPH6_HUMAN,5LSK_N,900.0,18.42,NaN,NaN,NaN
tr|K7EPT2|K7EPT2_HUMAN,3TBO_A,0.41,28.23,NaN,NaN,NaN
tr|K7EPW5|K7EPW5_HUMAN,2PQN_B,100.0,20.21,NaN,NaN,NaN
tr|K7EQP3|K7EQP3_HUMAN,6R83_4a,110.0,31.01,NaN,NaN,NaN
tr|K7ER52|K7ER52_HUMAN,2QAG_A,3e-26,169.67,65.56,17.23,63.94
tr|K7ERF4|K7ERF4_HUMAN,7KYX_A,0.00017,45.25,NaN,NaN,NaN
tr|K7ES00|K7ES00_HUMAN,6UPH_E,4.8e-21,146.74,72.98,21.80,70.17
tr|L8EAS4|L8EAS4_HUMAN,2G62_A,760.0,22.39,NaN,NaN,NaN
tr|M0QY95|M0QY95_HUMAN,1V65_A,0.0014,25.03,NaN,NaN,NaN
tr|M0QYA3|M0QYA3_HUMAN,5UXM_A,130.0,23.96,NaN,NaN,NaN
tr|M0QYE9|M0QYE9_HUMAN,3M0C_C,4.6e-11,109.58,78.04,18.46,75.74
tr|M0QYL3|M0QYL3_HUMAN,7DVQ_4,63.0,27.29,NaN,NaN,NaN
tr|M0QYL5|M0QYL5_HUMAN,6HXV_A,2.2e-24,150.42,143.09,5.18,143.00
tr|M0R052|M0R052_HUMAN,3BOW_A,0.11,41.04,NaN,NaN,NaN
tr|M0R0I4|M0R0I4_HUMAN,6AU8_A,2.4e-08,73.88,69.16,4.72,68.99
tr|M0R0I5|M0R0I5_HUMAN,3N89_B,2.4e-11,99.04,74.28,10.12,73.64
tr|M0R0Y2|M0R0Y2_HUMAN,6AU8_A,1.1e-25,177.91,109.32,33.26,104.64
tr|M0R1C8|M0R1C8_HUMAN,6QNX_C,5.2e-44,350.07,96.98,50.22,86.78
tr|M0R1W4|M0R1W4_HUMAN,3R8J_B,48.0,22.32,NaN,NaN,NaN
tr|M0R249|M0R249_HUMAN,6JXK_A,25.0,23.75,NaN,NaN,NaN
tr|M0R263|M0R263_HUMAN,2BN6_A,0.00062,40.53,NaN,NaN,NaN
tr|M0R2C3|M0R2C3_HUMAN,6TBM_B,99.0,27.17,NaN,NaN,NaN
tr|Q1T7F6|Q1T7F6_HUMAN,5JXT_K,34.0,26.79,NaN,NaN,NaN
tr|Q3L1R2|Q3L1R2_HUMAN,6VXG_A,4.7e-12,79.37,79.37,0.00,79.37
tr|Q3MHB9|Q3MHB9_HUMAN,7B1G_A,1.6e-97,720.64,193.83,165.32,149.28
tr|Q4VXB2|Q4VXB2_HUMAN,6HIY_DN,300.0,24.88,NaN,NaN,NaN
tr|Q4VXW3|Q4VXW3_HUMAN,7VLM_A,180.0,23.92,NaN,NaN,NaN
tr|Q5JW04|Q5JW04_HUMAN,5Y78_A,0.023,42.36,NaN,NaN,NaN
tr|Q5QPC7|Q5QPC7_HUMAN,3HR2_A,1.4e-07,83.7,83.70,0.00,83.70
tr|Q5STZ8|Q5STZ8_HUMAN,5ZXD_B,9.3e-79,543.29,182.49,64.29,174.61
tr|Q5SWA0|Q5SWA0_HUMAN,7BI2_A,0.00014,67.35,NaN,NaN,NaN
tr|Q5SZM1|Q5SZM1_HUMAN,3QWL_A,4.7e-20,126.63,96.23,19.36,94.36
tr|Q5T1W1|Q5T1W1_HUMAN,6IGM_H,5.7e-13,141.78,82.96,14.82,81.68
tr|Q5T7X0|Q5T7X0_HUMAN,3WTF_B,55.0,23.04,NaN,NaN,NaN
tr|Q5VZR0|Q5VZR0_HUMAN,5JYS_A,1.5e-16,115.88,67.76,15.54,66.34
tr|Q5W197|Q5W197_HUMAN,3O7Q_A,4.6e-06,65.02,62.01,2.32,61.96
tr|Q8IU65|Q8IU65_HUMAN,7K58_A,0.085,57.75,NaN,NaN,NaN
sp|Q8NA96|YE027_HUMAN,6TBM_C,160.0,30.53,NaN,NaN,NaN
tr|Q8WY19|Q8WY19_HUMAN,3DMK_A,2.2e-41,336.99,193.39,43.55,189.02
tr|Q96HN1|Q96HN1_HUMAN,3HX3_A,0.00016,59.31,NaN,NaN,NaN
tr|Q96J85|Q96J85_HUMAN,7LMB_H,1e-13,131.61,98.50,16.31,97.19
tr|Q96QC4|Q96QC4_HUMAN,1HYR_C,2.4e-43,261.26,149.91,48.56,141.42
tr|R4GMQ8|R4GMQ8_HUMAN,1S58_A,210.0,27.15,NaN,NaN,NaN
tr|S4R383|S4R383_HUMAN,5W2J_B,47.0,30.05,NaN,NaN,NaN
tr|S4R3I2|S4R3I2_HUMAN,5YQR_A,6.8e-11,84.24,75.69,8.55,75.20
tr|U3KPT4|U3KPT4_HUMAN,6JEO_cM,78.0,18.0,NaN,NaN,NaN
tr|U3KQ06|U3KQ06_HUMAN,3NYV_A,0.0091,47.51,NaN,NaN,NaN
tr|V9GY37|V9GY37_HUMAN,3SB1_B,33.0,26.3,NaN,NaN,NaN
tr|V9GY91|V9GY91_HUMAN,5H0I_B,11.0,24.53,NaN,NaN,NaN
tr|V9GYB4|V9GYB4_HUMAN,4ZY8_D,350.0,23.61,NaN,NaN,NaN
tr|V9GYH6|V9GYH6_HUMAN,4GUA_A,68.0,27.64,NaN,NaN,NaN
tr|V9GYU9|V9GYU9_HUMAN,1T4C_B,4.8e-24,177.85,157.40,7.90,157.20
tr|X6R700|X6R700_HUMAN,6YWY_77,0.7,43.52,NaN,NaN,NaN